"location","source","target","ID","fuzzy","context","translator_comments","developer_comments"
"","骨だけの傘","只有骨架的伞","","False","item_00000_00000001","",""
"","多目的教室で見つけた傘。
傘布が外され、骨組みだけの
状態になっている。
スチールで作られた骨は重い
かわりに非常に頑丈。
　
　
【コマンド】
　傘を開く
【有効距離】
　遠距離","在多功能教室发现的伞。
伞布被拆走了，只有骨架。
钢制的骨架虽然重，但非常
坚固。
　
　
　
【指令】
　撑开雨伞
【范围】
　远","","False","item_00000_00000002","",""
"","ビニールシート","塑料布","","False","item_00000_00000003","",""
"","Ｈ小学校の地下室で見つけた
厚手のビニールシート。
全体が血で黒く汚れており、
シート本来の色がわからなく
なっている。
　
　
【コマンド】
　シートを広げる
【有効距離】
　遠距離","在Ｈ小学的地下室发现的厚
实塑料布。
整体被血染黑，已经看不出
布的原本的颜色了。
　
　
　
【指令】
　摊开
【范围】
　远","","False","item_00000_00000004","",""
"","強化ビニール傘","","","","item_00000_00000005","",""
"","ほげほげ
強化
ビニール
傘
ダヨー
　
　
　
　
　
　","

　
　
　
　
　
　","","False","item_00000_00000006","",""
"","ビールの空き缶","","","","item_00000_00000007","",""
"","ほげほげ
ビール
の
空き缶
ダヨー
　
　
　
　
　
　","

　
　
　
　
　
　","","False","item_00000_00000008","",""
"","タバコの箱","","","","item_00000_00000009","",""
"","ほげほげ
タバコ
の
箱
ダヨー
　
　
　
　
　
　","


　
　
　
　
　
　","","False","item_00000_0000000a","",""
"","食塩","食盐","","False","item_00000_0000000b","",""
"","商店でよく見る食塩の小袋。
なぜ学校の教室にあったのだ
ろうか……
　
　
　
　
　
　
　
　","商店里常见的小袋食盐。
为什么会出现在学校的教室
里呢……
　
　
　
　
　
　
　
　","","False","item_00000_0000000c","",""
"","ペットボトル","塑料瓶","","False","item_00000_0000000d","",""
"","薄汚れた空のペットボトル。
特に目立った傷もないため、
キャップさえしめてしまえば
中に何か入れることができる。
　
　
　
【コマンド】
　入れる
【有効距離】
　近距離","有点脏的空塑料瓶。
没有特别明显的伤痕，
只要盖上瓶盖，
里面就能装些东西。
　
　
　
【指令】
　装进去
【范围】
　近","","False","item_00000_0000000e","",""
"","食塩水","食盐水","","False","item_00000_0000000f","",""
"","教室で発見した食塩と水とを
ペットボトル内で混ぜた物。
食塩を多く入れすぎたせいか
溶け残った白い物がボトルの
底にたまっている。
　
　
【コマンド】
　塩水をかける
【有効距離】
　近距離","在教室里发现的食盐和水在
塑料瓶里混合后的产物。
可能是食盐放多了，在瓶底
沉淀了一堆未溶化的白色
物质。
　
　
【指令】
　倒食盐水
【范围】
　近","","False","item_00000_00000010","",""
"","口紅","口红","","False","item_00000_00000011","",""
"","落とし物箱の中に入っていた
やや古びた口紅。蓋を外すと
赤い色彩が目を引く。
使い減っており、非常に短く
なっている。
　
　
【コマンド】
　口紅を塗る
【有効距離】
　近距離","放在失物保管箱里的略显陈
旧的口红。打开盖子，红色
的色彩引人注目。口红使用
了一部分，变得非常短。
　
　
　
【指令】
　涂口红
【范围】
　近","","False","item_00000_00000012","",""
"","丸手鏡","圆手镜","","False","item_00000_00000013","",""
"","花鳥の図柄が背面に刻まれた
金属製の丸い手鏡。ほこりと
汚れで鏡面は曇っているが、
そのままでも十分に使える。
　
　
　
【コマンド】
　みせる
【有効距離】
　遠距離","背面刻有花鸟图案的圆形金
属手镜。虽然镜面被灰尘和
污垢弄的有些模糊不清，但
是完全可以使用。
　
　
　
【指令】
　照镜子
【范围】
　远","","False","item_00000_00000014","",""
"","バラのツタ","玫瑰藤","","False","item_00000_00000015","",""
"","壁に生えているバラのツタを
切り取ったもの。細く長い。
　
　
ダヨー
　
　
　
　
　
　","从墙壁上的玫瑰藤上剪下来的一段藤蔓。
又细又长。
　
　
　
　
　
　","","False","item_00000_00000016","",""
"","発炎筒","发焰筒","","False","item_00000_00000017","",""
"","準備室の引き出しに、厳重に
しまわれていた非常時の道具。
樹脂製の表面は劣化しており、
ラベルの文字は掠れている。
使用期限内なので、おそらく
着火することはできるだろう。
　
【コマンド】
　発炎筒に火をつける
【有効距離】
　近距離","被严密保管在职员准备室柜
子里的应急工具。树脂材质
的表面已经老化，标签上的
文字也已模糊不清。还在使
用期限内，应该可以点得燃
吧。
　
【指令】
　点燃发焰筒
【范围】
　近","","False","item_00000_00000018","",""
"","おはよう家族","早安家人们","","False","item_00000_00000019","",""
"","ラベルに注意が書いてある。
『　※密告者　懲罰用※　
　浴びせてから棒で叩く！
　目覚めていればただの人』
噴霧器を使って散布できる。
主人公のみが使用できる。
　
【コマンド】
　噴霧：おはよう
【有効距離】
　近距離","标签上写着注意事项。
『　※告密者　惩罚用※　
　泼上这个再用棍子敲打！
　醒来之后就是个普通人』
可以用喷雾器喷洒。
只有主角可以使用。
　
【指令】
　喷雾：早上好
【范围】
　近","","False","item_00000_0000001a","",""
"","ゆめみる家族","好梦家人们","","False","item_00000_0000001b","",""
"","謎の薬品が入った小瓶。
ゆめみる家族というラベルが
貼られている。
噴霧器にセットすることで、
周囲に散布できる。
主人公のみが使用できる。
　
【コマンド】
　噴霧：ゆめみる
【有効距離】
　近距離","装有神秘药品的小瓶。
上面贴有“好梦家人们”的
标签。
可以用喷雾器喷洒。
只有主角可以使用。
　
　
【指令】
　喷雾：做梦
【范围】
　近","","False","item_00000_0000001c","",""
"","おやすみ家族","晚安家人们","","False","item_00000_0000001d","",""
"","謎の薬品が入った小瓶。
おやすみ家族というラベルが
貼られている。
噴霧器にセットすることで、
周囲に散布できる。
主人公のみが使用できる。
　
【コマンド】
　噴霧：おやすみ
【有効距離】
　近距離","装有神秘药品的小瓶。
上面贴有“晚安家人们”
的标签。
可以用喷雾器喷洒。
只有主角可以使用。
　
　
【指令】
　喷雾：晚安
【范围】
　近","","False","item_00000_0000001e","",""
"","防蜂ネット","","","","item_00000_0000001f","",""
"","ほげほげ
　
　
　
ダヨー
　
　
　
　
　
　","","","","item_00000_00000020","",""
"","携帯蚊取り線香","便携式蚊香","","False","item_00000_00000021","",""
"","腰に吊り下げることができる
携帯可能な蚊取り線香。
線香皿の内側には短く折れた
蚊取り線香と１本だけ残った
ブックマッチが入っている。
　
　
【コマンド】
　線香に火をつける
【有効距離】
　遠距離","可以挂在腰间的便携式蚊香。
蚊香盘里放着折断的短蚊香
和仅剩的一根纸火柴。
　
　
　
　
【指令】
　点燃蚊香
【范围】
　远","","False","item_00000_00000022","",""
"","トリカブト","","","","item_00000_00000023","",""
"","ほげほげ
　
　
　
ダヨー
　
　
　
　
　
　","","","","item_00000_00000024","",""
"","瓶詰め蜂蜜","瓶装蜂蜜","","False","item_00000_00000025","",""
"","森のシミ男が残していったと
思われる瓶に入った蜂蜜。
Ｈ城樹海入口に設置された
ベンチ上に置かれていた。
瓶いっぱいに、新鮮な蜂蜜が
注がれている。
　
【コマンド】
　蜂蜜をかける
【有効距離】
　遠距離","装在瓶子里的蜂蜜，似乎是
林中的斑痕男留下的。
被搁在了Ｈ城树海入口处放
置的长椅上。
瓶子里装满了新鲜的蜂蜜。
　
　
【指令】
　倒蜂蜜
【范围】
　远","","False","item_00000_00000026","",""
"","ゴミ袋","","","","item_00000_00000027","",""
"","ほげほげ
ゴ
ミ
袋
ダヨー
　
　
　
　
　
　","","","","item_00000_00000028","",""
"","学校の鍵束","学校的钥匙串","","False","item_00000_00000029","",""
"","【重要品】
バラのつたの間から発見した
学校の鍵をまとめた鍵束。
走り去っていった警備員が、
落としていった物と思われる。
金属製のリングに複数の鍵が
通してある。

　
　
　","【重要物品】
在玫瑰藤蔓里发现的学校的
钥匙串。
应该是跑开了的警卫掉落的
东西。金属扣上串着几把钥
匙。

　
　
　","","False","item_00000_0000002a","",""
"","ピンクのリップ","粉色唇膏","","False","item_00000_0000002b","",""
"","バブル時代に流行したピンク
色の口紅。乾燥して少しひび
割れている。
　
　
　
　
　
　
　
　","泡沫时代流行的粉色口红。
因为干燥而有点开裂。
　
　
　
　
　
　
　
　","","False","item_00000_0000002c","",""
"","女子の上履き","女子室内鞋","","False","item_00000_0000002d","",""
"","赤いゴムで覆われた子供用の
上履き。甲の布地に所有者の
名前が書かれていた形跡があ
るが、黒く汚れてしまい読む
ことができない。
　
　
【コマンド】
　上履きを履く
【有効距離】
　遠距離","被红色橡胶包覆的儿童室内
鞋。
鞋面布料上还留有所有者名
字的印迹。
但已经变黑变脏无法辨认。
　
　
【指令】
　穿上室内鞋
【范围】
　远","","False","item_00000_0000002e","",""
"","赤のボールペン","红色圆珠笔","","False","item_00000_0000002f","",""
"","かわいらしいキャラクターの
イラストが描かれている赤い
ボールペン。キャップはなく
なっているが、インクは乾い
ておらず使用できる。
　
　
【コマンド】
　ボールペンで書く
【有効距離】
　近距離","印有可爱卡通角色插画的红
色圆珠笔。虽然笔盖不见
了，但是墨水没有干，还可
以使用。
　
　
　
【指令】
　用圆珠笔写
【范围】
　近","","False","item_00000_00000030","",""
"","愛染修羅のお守り","爱染修罗的护身符","","False","item_00000_00000031","",""
"","職員準備室の壁の中に隠され
ていた古びた神社のお守り。
袋には『愛染修羅』の文字が
刺繍されており、中に人型を
意味するらしい抽象的な墨跡
のある紙が収められている。
　
【コマンド】
　お守りをかざす
【有効距離】
　遠距離","藏在职员准备室墙壁中的古
旧的神社护身符。
符袋上绣着“爱染修罗”四
个字，里面放着一张画有抽
象墨迹的符纸，似乎是代表
着人。
　
【指令】
　亮出护身符
【范围】
　远","","False","item_00000_00000032","",""
"","事務ゴミ","办公垃圾","","False","item_00000_00000033","",""
"","理科室準備室の古びた戸棚に
詰め込まれていたゴミ袋。
中にはシュレッダーダストが
はち切れそうなぐらいに詰め
込まれており、まるで丸々と
膨らんだクッションのよう。
　
【コマンド】
　事務ゴミを抱える
【有効距離】
　遠距離","塞在理科实验准备室旧柜子
里的垃圾袋。
里面塞满了碎纸屑，多的要
溢出来，就像一个鼓鼓的靠
垫。
　
　
【指令】
　抱起办公垃圾
【范围】
　远","","False","item_00000_00000034","",""
"","透明な瓶","透明瓶子","","False","item_00000_00000035","",""
"","白いラベルが張られた薬瓶。
『　ＣＨ３ＣＨ２ＯＨ　　
　　燃料用　火気厳禁　』
とラベルには書いてある。
　
　
　
【コマンド】
　まく：無色な液体
【有効距離】
　遠距離","贴有白色标签的药瓶。
标签上写着
『　ＣＨ３ＣＨ２ＯＨ　　
　　燃料用　严禁明火　』
　
　
　
【指令】
　泼洒：无色液体
【范围】
　远","","False","item_00000_00000036","",""
"","理科用マッチ","理科实验用火柴","","False","item_00000_00000037","",""
"","人体模型の中に隠されていた
理科の授業で使うマッチ。
箱の中にはぎっしり隙間なく
マッチ棒が詰まっている。
　
　
　
【コマンド】
　マッチを擦る
【有効距離】
　遠距離","藏在人体模型中的理科实验
课上用的火柴盒。
盒子里塞着满满当当的火
柴。
　
　
　
【指令】
　划火柴
【范围】
　远","","False","item_00000_00000038","",""
"","楽譜『お星さま』","乐谱《小星星》","","False","item_00000_00000039","",""
"","有名な童謡のピアノ楽譜。
それほど複雑な曲ではないが、
ピアノの経験者でなければ
弾きこなすことは難しい。
　
　
　
【コマンド】
　お星さまを弾く
【有効距離】
　遠距離","著名的童谣钢琴乐谱。
虽然这首曲子不复杂，但是
没有弹过钢琴的人很难弹
好。
　
　
　
【指令】
　弹奏小星星
【范围】
　远","","False","item_00000_0000003a","",""
"","楽譜『鯉のぼり』","乐谱《鲤鱼旗》","","False","item_00000_0000003b","",""
"","有名な童謡のピアノ楽譜。
それほど複雑な曲ではないが、
ピアノの経験者でなければ
弾きこなすことは難しい。
　
　
　
【コマンド】
　鯉のぼりを弾く
【有効距離】
　遠距離","著名的童谣钢琴乐谱。
虽然这首曲子不复杂，但是
没有弹过钢琴的人很难弹
好。
　
　
　
【指令】
　弹奏鲤鱼旗
【范围】
　远","","False","item_00000_0000003c","",""
"","メガホン","扩音喇叭","","False","item_00000_0000003d","",""
"","動物の首の中に隠されていた
トランジスタメガホン。
内蔵電池はまだ生きており、
すぐ使用することができる。
　
　
　
【コマンド】
　大声で叫ぶ
【有効距離】
　近距離","藏在动物头颅里的晶体管扩
音喇叭。内置电池仍然有
电，随时可以使用。
　
　
　
　
【指令】
　大声喊叫
【范围】
　近","","False","item_00000_0000003e","",""
"","バール","撬棍","","False","item_00000_0000003f","",""
"","全体に焼き入れがされている
小さめのＬ字型バール。
乱暴に扱われていたらしく、
傷やへこみはおろか、首には
細かい亀裂まで走っている。
　
　
【コマンド】
　殴る
【有効距離】
　近距離","整体经过淬火的小型Ｌ形撬
棍。
似乎被粗暴地使用过，不仅
留有刮痕和凹痕，棍颈处已
经出现了细小的裂痕。
　
　
【指令】
　殴打
【范围】
　近","","False","item_00000_00000040","",""
"","噴霧器","喷雾器","","False","item_00000_00000041","",""
"","【重要品】
蓄圧式の小型噴霧器。
容器をセットしてハンドルを
握ると薬品が噴霧される。
拡散用のノズルだけのため、
近くにしか散布できない。

　
噴霧器単体では使用できず、
セット可能な薬品を使用する
ことで噴霧できる。","【重要物品】
小型加压式喷雾器。
安装好容器后握住把手，药
品就能以喷雾的形式喷出。
因为只有用于喷洒的喷嘴，
所以只能在近距离内喷洒。

　
喷雾器不能单独使用，必须
配合能够安装上去的药品才
能喷洒喷雾。","","False","item_00000_00000042","",""
"","山小屋の鍵","山中小屋的钥匙","","False","item_00000_00000043","",""
"","【重要品】
蜂の巣にされた死体の手の中
から見つけた古びた鍵。
鍵の頭にはボロボロになった
シールが貼ってあり、何とか
『……小屋』と読み取れる。


　
　
　","【重要物品】
从被作成蜂巢的尸体手中发
现的旧钥匙。
钥匙柄上贴着一张破破烂烂
的贴纸，勉强可以看出上面
写着“……小屋”。


　
　
　","","False","item_00000_00000044","",""
"","プラスチックの数珠","塑料念珠","","False","item_00000_00000045","",""
"","ほげほげ
　
　
　
　
　
　
　
　
　
　","","","","item_00000_00000046","",""
"","空砲銃","空包弹枪","","False","item_00000_00000047","",""
"","大音響を発する火薬式の銃砲。
農作物を荒らす鳥獣撃退用に
作られた物だが、耳栓なしで
使ってしまうとしばらく何も
音が聞こえなくなるほど。
　
　
【コマンド】
　発砲する
【有効距離】
　遠距離","能发出巨大声音的火药式枪
械。这是为了驱赶破坏农作
物的鸟兽而制造的，如果不
戴上耳塞使用，很可能在一
段时间听不见任何声音。
　
　
【指令】
　开枪
【范围】
　远","","False","item_00000_00000048","",""
"","塩入りボトル","盐瓶","","False","item_00000_00000049","",""
"","多目的教室Ｂにあった食塩を
ペットボトルに詰めたもの。
ボトルの５分の１程度まで
食塩が入っている。
　
　
　
【コマンド】
　塩をかける
【有効距離】
　近距離","装入了多功能教室Ｂ里的食
盐的塑料瓶。
里面装了大约瓶子容量五分
之一的食盐。
　
　
　
【指令】
　撒盐
【范围】
　近","","False","item_00000_0000004a","",""
"","水入りボトル","装有水的塑料瓶","","False","item_00000_0000004b","",""
"","多目的教室Ａの水槽の水を
ペットボトルに入れたもの。
暗緑色の水は濁っており、
かすかに腐敗臭がする。
　
　
　
【コマンド】
　水をかける
【有効距離】
　近距離","装入了多功能教室Ａ里水槽
内的水的塑料瓶。
暗绿色的水很浑浊，散发着
淡淡的腐败气味。
　
　
　
【指令】
　浇水
【范围】
　近","","False","item_00000_0000004c","",""
"","穴あき防災頭巾","有破洞的防灾兜帽","","False","item_00000_0000004d","",""
"","児童用の黄色い防災頭巾。
穴だらけで中綿も抜けており、
効果があるのか疑問な状態。
子供サイズだが無理をすれば
大人でも被ることができる。
　
　
【コマンド】
　頭巾をかぶる
【有効距離】
　遠距離","儿童用的黄色防灾兜帽。兜
帽上到处都是洞，里面的填
充物也掉了出来，防护效果
存疑。虽然是儿童尺寸，但
成年人也可以勉强戴上。
　
　
【指令】
　戴上头巾
【范围】
　远","","False","item_00000_0000004e","",""
"","非物理武器１","","","","item_00000_0000004f","",""
"","ほげほげ
　
　
　
ダヨー
　
　
　
　
　
　","","","","item_00000_00000050","",""
"","非物理武器２","","","","item_00000_00000051","",""
"","ほげほげ
　
　
　
ダヨー
　
　
　
　
　
　","","","","item_00000_00000052","",""
"","非物理武器３","","","","item_00000_00000053","",""
"","ほげほげ
　
　
　
ダヨー
　
　
　
　
　
　","","","","item_00000_00000054","",""
"","大きなノミ","大型凿子","","False","item_00000_00000055","",""
"","九条館の鍵が掛けられていた
部屋で見つかった古いノミ。
柄の部分が血痕で汚れており
不気味ないわくがありそうだ。
　
　
　
【コマンド】
　傷を刻む
【有効距離】
　近距離","在九条馆那间之前上着锁房
间内发现的一把旧凿子。凿
子柄部沾有血迹，看起来其
身上有着某种不祥的故事。
　
　
　
【指令】
　刻出伤口
【范围】
　近","","False","item_00000_00000056","",""
"","おはよう家族大瓶","早安家人们大瓶","","False","item_00000_00000057","",""
"","謎の薬品が入った大きな瓶。
おはよう家族というラベルが
貼られている。瓶が大きいた
め噴霧器にセットすることが
できない。
　
　
【コマンド】
　浴びせる：おはよう
【有効距離】
　近距離","装有神秘药品的大瓶。
上面贴有“早安家人们”的
标签。
因为瓶子过大，无法安装到
喷雾器上。
　
　
【指令】
　泼洒：早安
【范围】
　近","","False","item_00000_00000058","",""
"","ゆめみる家族大瓶","好梦家人们大瓶","","False","item_00000_00000059","",""
"","謎の薬品が入った大きな瓶。
ラベルには注意が書いてある。
『　　　まぜるな危険　　　　
　夢見と眠りが重なると　　
　家族にとっても危険です！
　※噴霧器では使用不可　　』
　
【コマンド】
　浴びせる：ゆめみる
【有効距離】
　近距離","装有神秘药品的大瓶。
标签上写有注意事项。
『　禁止混合，危险
　梦境与睡眠的交叠　　
　对家人们极其危险！
　※不可用喷雾器喷洒』
　
【指令】
　泼洒：做梦
【范围】
　近","","False","item_00000_0000005a","",""
"","おやすみ家族大瓶","晚安家人们大瓶","","False","item_00000_0000005b","",""
"","謎の薬品が入った大きな瓶。
ラベルには注意が書いてある。
『　　　まぜるな危険　　　　
　夢見と眠りが重なると　　
　家族にとっても危険です！
　※噴霧器では使用不可　　』
　
【コマンド】
　浴びせる：おやすみ
【有効距離】
　近距離","装有神秘药品的大瓶。
标签上写着注意事项。
『　　禁止混用，危险　　
　如果梦境与睡眠混合　　
　对家族来说非常危险！
　※不可用于喷雾器　　』
　
【指令】
　泼洒：晚安
【范围】
　近","","False","item_00000_0000005c","",""
"","犬の首輪","犬用项圈","","False","item_00000_0000005d","",""
"","【重要品】
樹海の木の枝に引っかかって
いた犬用の首輪。赤く染めら
れた合皮で作られており、
『＊Ψ＊ΓΕΝΤΑ＊Ψ＊』
と内側に刻まれている。
　
　
　
　
　","【重要物品】
挂在树海树枝上的犬用项
圈。由染成红色的人造皮革
制成。
内侧刻着
“＊Ψ＊ΓΕΝΤΑ＊Ψ＊”
　
　
　
　
　","","False","item_00000_0000005e","",""
"","インスタントカメラ","拍立得照相机","","False","item_00000_0000005f","",""
"","底に乾いた血が付着している
インスタントカメラ。
フィルムとフラッシュ用の
電池は残っているため撮影は
できそうだが、写真が正常に
現像できるかは不明。
　
【コマンド】
　撮影する
【有効距離】
　遠距離","底部附着干涸血液的拍立得
照相机。为胶卷和闪光灯供
电的电池还有电，看起来可
以用来拍摄，但是照片是否
能够正常显影就不得而知了。
　
　
【指令】
　拍照
【范围】
　远","","False","item_00000_00000060","",""
"","テープ『艶……唄』","磁带《艳……歌》","","False","item_00000_00000061","",""
"","【重要品】
樹海の死体と共に埋まってい
た古びたカセットテープ。
ビニール袋に包まれて埋まっ
ていたためか、目立つ損傷は
なく再生できそうだ。
文字がかすれたラベルからは
『艶……唄』と読み取れる。
　
　
　","【重要物品】
与树海中的尸体埋在一起的
旧盒式磁带。
由于是被塑料袋包起来再埋
的，因此没有明显的损伤，
似乎还可以播放。
褪色的标签上可以辨认出
“艳……歌”字样。
　
　
　","","False","item_00000_00000062","",""
"","テープ『……響曲』","磁带《……响曲》","","False","item_00000_00000063","",""
"","【重要品】
樹海の死体と共に埋まってい
た古びたカセットテープ。
ビニール袋に包まれて埋まっ
ていたためか、目立つ損傷は
なく再生できそうだ。
文字がかすれたラベルからは
『……響曲』と読み取れる。
　
　
　","【重要物品】
与树海中的尸体埋在一起的
旧盒式磁带。
由于是被塑料袋包起来再埋
的，因此没有明显的损伤，
似乎还可以播放。
褪色的标签上可以辨认出
“……响曲”字样。
　
　
　","","False","item_00000_00000064","",""
"","テープ『Ｍｙ……』","磁带《Ｍｙ……》","","False","item_00000_00000065","",""
"","【重要品】
樹海の死体と共に埋まってい
た古びたカセットテープ。
ビニール袋に包まれて埋まっ
ていたためか、目立つ損傷は
なく再生できそうだ。
文字がかすれたラベルからは
『Ｍｙ……』と読み取れる。
　
　
　","【重要物品】
与树海中的尸体埋在一起的
旧盒式磁带。
由于是被塑料袋包起来再埋
的，因此没有明显的损伤，
似乎还可以播放。
褪色的标签上可以辨认出
“Ｍｙ……”字样。
　
　
　","","False","item_00000_00000066","",""
"","テープ『魔…小…』","磁带《魔…小…》","","False","item_00000_00000067","",""
"","【重要品】
樹海の死体と共に埋まってい
た古びたカセットテープ。
ビニール袋に包まれて埋まっ
ていたためか、目立つ損傷は
なく再生できそうだ。
文字がかすれたラベルからは
『魔…小…』と読み取れる。
　
　
　","【重要物品】
与树海中的尸体埋在一起的
旧盒式磁带。
由于是被塑料袋包起来再埋
的，因此没有明显的损伤，
似乎还可以播放。
褪色的标签上可以辨认出
“魔…小…”字样。
　
　
　","","False","item_00000_00000068","",""
"","テープ『…亭…噺』","磁带《…亭…语》","","False","item_00000_00000069","",""
"","【重要品】
樹海の死体と共に埋まってい
た古びたカセットテープ。
ビニール袋に包まれて埋まっ
ていたためか、目立つ損傷は
なく再生できそうだ。
文字がかすれたラベルからは
『…亭…噺』と読み取れる。
　
　
　","【重要物品】
与树海中的尸体埋在一起的
旧盒式磁带。
由于是被塑料袋包起来再埋
的，因此没有明显的损伤，
似乎还可以播放。
褪色的标签上可以辨认出
“…亭…语”字样。
　
　
　","","False","item_00000_0000006a","",""
"","萌のバッグ","萌的背包","","False","item_00000_0000006b","",""
"","【重要品】
階段で拾った萌が持ち歩いて
いたスクールバッグ。
謎のキーホルダーと怪しげな
人形が付けられている。
中には学校指定のジャージと
教科書が数冊、用途のわから
ないガラクタが入っている。
　
　
　","【重要物品】
在楼梯间捡到的萌一直背着
的书包。
书包上挂着一个古怪的钥匙
扣和诡异的小人偶。
里面装着学校指定的运动服
和几本教科书，还有一些不
明用途的杂物。
　
　
　","","False","item_00000_0000006c","",""
"","赤い手帳","红色笔记本","","False","item_00000_0000006d","",""
"","【重要品】
地下壕で発見した手帳。
あちこちに異様な臭気を放つ
シミが浮き、判読することは
難しい。無事なページには、
一面に異常に細かな文字が
書き込まれている。

　
　
　","【重要物品】
在防空洞内发现的笔记本。
笔记本上到处都是散发出异
臭的污渍，难以辨认上面的
内容。在没有污渍的页面
上，写满了异常细小的文
字。

　
　
　","","False","item_00000_0000006e","",""
"","ピンクの手帳","","","","item_00000_0000006f","",""
"","仮）紫の手帳
　
　
　
ダヨー
　
　
　
　
　
　","","","","item_00000_00000070","",""
"","紫の手帳","","","","item_00000_00000071","",""
"","ほげほげ
　
　
　
ダヨー
　
　
　
　
　
　","","","","item_00000_00000072","",""
"","答案用紙","答题纸","","False","item_00000_00000073","",""
"","【重要品】
ずう先生のテストで使われた
答案用紙。
めまいのするような強烈な
獣の匂いがしみついている。

　
　
　
　
　","【重要物品】
在Zoo老师的测试中使用
过的答题纸。
纸上渗透着令人眩晕的强烈
的兽类气味。

　
　
　
　
　","","False","item_00000_00000074","",""
"","音楽室の鍵","音乐教室的钥匙","","False","item_00000_00000075","",""
"","【重要品】
蛇が詰まっていた人体模型の
中から発見した小学校の鍵。
鍵にはラベルが貼られており
『音楽室』と書かれている。
　
　
　
　
　
　","【重要物品】
从之前塞满蛇的人体模型中
发现的小学里的钥匙。
钥匙上贴着标签，上面写着
“音乐教室”。
　
　
　
　
　
　","","False","item_00000_00000076","",""
"","慈悲の顔の仏頭","慈悲相的佛头","","False","item_00000_00000077","",""
"","【重要品】
仏頭と生首の詰まった箱から
拾い上げた頭の１つ。
切断面には荒々しいノミ跡が
残されている。
慈悲心を表す情け深い表情を
している。
　
　
　
　","【重要物品】
从塞满佛头和人头的箱子里
拿出来的一个头。
断面处留有粗糙的凿痕。
佛头呈现出怀揣慈悲之心的
仁慈表情。
　
　
　
　","","False","item_00000_00000078","",""
"","憂う顔の仏頭","忧愁相的佛头","","False","item_00000_00000079","",""
"","【重要品】
仏頭と生首の詰まった箱から
拾い上げた頭の１つ。
切断面には荒々しいノミ跡が
残されている。
人々を救う方法を模索する、
憂いのある表情をしている。
　
　
　
　","【重要物品】
从塞满佛头和人头的箱子里
拿出来的一个头。
断面处留有粗糙的凿痕。
佛头呈现出忧愁的表情，仿
佛在探寻着拯救世人的方
法。
　
　
　
　","","False","item_00000_0000007a","",""
"","怒れる顔の仏頭","怒目相的佛头","","False","item_00000_0000007b","",""
"","【重要品】
仏頭と生首の詰まった箱から
拾い上げた頭の１つ。
切断面には荒々しいノミ跡が
残されている。
餓鬼を払うためか、凄まじい
怒りの形相をしている。
　
　
　
　","【重要物品】
从塞满佛头和人头的箱子里
拿出来的一个头。
断面处留有粗糙的凿痕。
也许是为了驱逐饿鬼，佛头
呈现出极其愤怒的表情。
　
　
　
　","","False","item_00000_0000007c","",""
"","人間の生首","人头","","False","item_00000_0000007d","",""
"","【重要品】
仏頭と生首の詰まった箱から
拾い上げた頭の１つ。
乾燥してミイラのような状態
になっている。残された毛髪
からみて女性のようだ。
切断面は荒れており、まるで
ノミで削ったように見える。
　
　
　","【重要物品】
从塞满佛头和人头的箱子里
拿出来的一个头。
已经干枯得呈现出了木乃伊
般的状态。从残留的头发来
看，应该是名女性。
切断面很粗糙，看起来像是
用凿子凿出来的。
　
　
　","","False","item_00000_0000007e","",""
"","実験記録　壱","实验记录　一","","False","item_00000_0000007f","",""
"","【重要品】
『Ｈ…社供出ノ……羅像ハ　
　仏師……家ノ作ト伝エ…　
　同家ヨリ供出ノ……ノミ　
　ヲ用イ……タマ離断ス…　
　工具……一致ガ鍵トナリ　
　遂ニ悲願ヲ……　　　　』
　
　
　
　","【重要物品】
『Ｈ神社贡献的……罗像据说　
　是佛雕师……家的作品……　
　用同一家族贡献的……凿子　
　将……灵魂切断……　　　　
　工具……一致起到关键作用　
　终于……达……夙愿……　』
　
　
　
　","","False","item_00000_00000080","",""
"","実験記録　弐","实验记录　二","","False","item_00000_00000081","",""
"","【重要品】
『第七十…次実験　修羅像　
　男体女頭ニテ接……成功　
　スルモ…怪現象、霊……　
　頻発……実験続行…難…』
　
　
　
　
　
　","【重要物品】
『第七十……次实验　修罗像　
　以男体女头方式连……成功　
　然而……怪异现象、灵……　
　频发……难以……继续实验』
　
　
　
　
　
　","","False","item_00000_00000082","",""
"","実験記録　参","实验记录　三","","False","item_00000_00000083","",""
"","【重要品】
『突如暴走……被害甚……　
　読経……多数発狂……　　
　聴覚喪失セル者ノミ……　
　辛ウジテ……正気…保…　
　処理槽ト同…半霊化シ…　
　…攻撃ニ…霊具ヲ要ス…　
　中心タル人頭ヲ破壊……　
　人頭……破壊セネバ……』
　
　","【重要物品】
『突然暴走……伤亡惨……　　
　诵经……多数人发狂……　　
　唯有……听觉丧失者……　　
　勉强……保……神志……　　
　和处理槽同……半灵化……　
　破坏作为核心的人头……　　
　……必须……破坏人头……』
　
　","","False","item_00000_00000084","",""
"","実験隊通信略号","实验队通讯代号","","False","item_00000_00000085","",""
"","【重要品】
『　　実験隊通信略号　　　
　観音：兵器ノ秘匿呼称　　
　［・・・−・・−−］　　
　天仏：計画ノ秘匿呼称　　
　［・−・−−・−−・］　
　魂：素材ノ人頭ヲ意味ス　
　［−・−・・−］　　　』
　
　
　","【重要物品】
『　　实验队通讯代号　　　
　观音：武器的秘密代号　　
　［・・・−・・−−］　　
　天佛：计划的秘密代号　　
　［・−・−−・−−・］　
　灵魂：指代用作素材的人头　
　［−・−・・−］　　　』
　
　
　","","False","item_00000_00000086","",""
"","処理槽管理録","处理槽管理记录","","False","item_00000_00000087","",""
"","【重要品】
『処理…二百……人超時点デ　
　突如、鉄扉ガ半霊体化ス…　
　呪力集中ノ為……推測……　
　解除ニ……霊具……必要…　
　　　　　　　　　　　　　　
　　安全弁解除暗号：ダイヤ』
　
　
　
　","【重要物品】
『处理……两百……人以上时　
　铁门突然半灵体化……是因　
　为咒力集中……推测……解　
　除……需要用……灵具……　
　　　　　　　　　　　　　　
　　　安全阀解除暗号：钻石』
　
　
　
　","","False","item_00000_00000088","",""
"","精神注入棒","","","","item_00000_00000089","",""
"","ほげほげ
　
　
　
ダヨー
　
　
　
　
　
　","","","","item_00000_0000008a","",""
"","発射軍刀","","","","item_00000_0000008b","",""
"","ほげほげ
　
　
　
ダヨー
　
　
　
　
　
　","","","","item_00000_0000008c","",""
"","血で錆びた鋸","","","","item_00000_0000008d","",""
"","ほげほげ
　
　
　
ダヨー
　
　
　
　
　
　","","","","item_00000_0000008e","",""
"","大御神の御札","","","","item_00000_0000008f","",""
"","ほげほげ
　
　
　
ダヨー
　
　
　
　
　
　","","","","item_00000_00000090","",""
"","小さな鍵","小型钥匙","","False","item_00000_00000091","",""
"","【重要品】
第参実験室で首を切断されて
いた死体が握っていた鍵。
地下壕の鍵と比べ、二回り程
サイズが小さい。
　
　
　
　
　
　","【重要物品】
第三实验室里被切掉头的尸
体手里拿着的钥匙。
与防空洞的钥匙相比，尺寸
上小了两圈。
　
　
　
　
　
　","","False","item_00000_00000092","",""
"","地下壕の鍵","防空洞的钥匙","","False","item_00000_00000093","",""
"","【重要品】
バンシー伊東が地下壕を徘徊
しているときに発見した鍵。
陸軍の施設であることを示す
刻印が頭に彫られている。

　
　
　
　
　","【重要物品】
班西伊东在防空洞内徘徊时
发现的钥匙。钥匙柄上刻有
表明是陆军设施的印记。

　
　
　
　
　","","False","item_00000_00000094","",""
"","ペーパーナイフ","裁纸刀","","False","item_00000_00000095","",""
"","九条館のホールより持ち出し
た純銀製のペーパーナイフ。
持ち手に美しい女性の顔が、
彫刻されている。鋭利な刃付
けはされていないが、柔らか
いものならば切れる。
　
【コマンド】
　ナイフで刺す
【有効距離】
　近距離","从九条馆的大厅内拿出来的
纯银制的裁纸刀。刀柄上雕
刻着美丽女性的面孔。虽然
没有经过锋利的打磨，但还
是可以切开柔软的纸张。
　
　
【指令】
　用刀刺
【范围】
　近","","False","item_00000_00000096","",""
"","神楽鈴","神乐铃","","False","item_00000_00000097","",""
"","神楽を奉じる際に用いられる
舞楽用の鈴。三段に分かれた
房にそれぞれ七・五・三個の
鈴が取り付けられている。
「巫女鈴」との別称の通り、
本来は女性用の祭具である。
　
【コマンド】
　神楽鈴を振る
【有効距離】
　遠距離","跳神乐舞祭祀神明时使用的
舞乐用铃铛。穗分为三段，
每段分别悬挂着七・五・三
个铃铛。正如“巫女铃”这
一别称所示，它原本是女性
专用的祭祀道具。
　
【指令】
　摇动神乐铃
【范围】
　远","","False","item_00000_00000098","",""
"","『台風へっちゃら』","《台风小菜一碟》","","False","item_00000_00000099","",""
"","【重要品】
多目的教室の掲示板に貼られ
ていた児童の発表。
『傘布を穴だらけにすれば、
　台風で壊れない傘になる。
　傘にビニールシートを
　被せれば強化カサに
　進化させられる……　　』
ということが書いてある。

　","【重要物品】
贴在多功能教室布告栏上的
学生报告。
上面大致写着如下内容。
『如果在伞布上戳满小洞，
　就能做成不会被台风破坏
　的伞。给雨伞盖上塑料布，
　就能进化成强化伞……　　』

　","","False","item_00000_0000009a","",""
"","『ＯＬの観察』","《对职场女性的观察》","","False","item_00000_0000009b","",""
"","【重要品】
多目的教室の掲示板に貼られ
ていた児童の発表。
ＯＬの観察記録となっている。
『流行は髪の毛は茶色、
　口はピンク……』
ということが書いてある。

　
　
　","【重要物品】
贴在多功能教室布告栏上的
学生报告。
内容是对职场女性的观察记
录。上面写着如下内容。
『流行的发色是棕色，
　嘴唇是粉色……』

　
　
　","","False","item_00000_0000009c","",""
"","『雑草全滅計画』","《杂草全灭计划》","","False","item_00000_0000009d","",""
"","【重要品】
多目的教室の掲示板に貼られ
ていた児童の発表。
雑草に複数の水溶液をかけた
結果がまとめられている。
『みそしる・食塩水が有効。
　塩を水に溶かしてから
　草にかけると効果が早い』
ということが書いてある。

　","【重要物品】
贴在多功能教室布告栏上的
学生报告。
上面总结了用多种水溶液喷
洒在杂草上后的结果。
上面写着如下内容。
『味增汤・食盐水有效。
　将盐溶解在水里再喷洒
　到杂草上见效更快。　』

　","","False","item_00000_0000009e","",""
"","『雑草強化計画』","《杂草强化计划》","","False","item_00000_0000009f","",""
"","【重要品】
多目的教室の掲示板に貼られ
ていた児童の発表。
植物に光を多く当てる実験に
ついて書かれている。
『植物に光を当てすぎると
　葉が白くなってしまう。
　光を当てすぎることは
　植物に悪影響を与える』
ということが書いてある。
","【重要物品】
贴在多功能教室布告栏上的
学生报告。
上面记录了给植物增加光照
的实验。
上面写着如下内容。
『如果植物的光照过多，
　叶片就会变白。
　过度的光照会对植物
　造成不良影响。　　』
","","False","item_00000_000000a0","",""
"","硬球","硬式棒球","","False","item_00000_000000a1","",""
"","長嶋翔のポケットにあった
使い古された硬球。
傷だらけだが、ボール自体は
白く磨かれており、手入れが
行き届いているのがわかる。
　
　
【コマンド】
　ボールを投げる
【有効距離】
　遠距離","长岛翔口袋里的旧硬式棒球。
虽然表面伤痕累累，
但是球身被擦的泛白，
可以看出保养的很好。
　
　
　
【指令】
　投掷球
【范围】
　远","","False","item_00000_000000a2","",""
"","テニスボール","网球","","False","item_00000_000000a3","",""
"","山小屋で発見した木村正男の
遺体と共に袋に入っていた物。
何かの液体に浸されたらしく、
表面にはシミが残っている。
　
　
　
【コマンド】
　ボールを投げる
【有効距離】
　遠距離","在山中小屋内发现的和木村
正男的遗体一同被装进袋子
里的物品。似乎被什么液体
浸泡过，表面留有污痕。
　
　
　
【指令】
　投掷球
【范围】
　远","","False","item_00000_000000a4","",""
"","蜜蜂家族ノート１","蜜蜂家族笔记１","","False","item_00000_000000a5","",""
"","【重要品】
山小屋に置いてあった本から
切り取った１ページ。
『新しい体……巣作っ…ら
　たっぷ……蜜を塗る……』
『蜜が熟成され……と……
　とって……くさい液に…』
『匂いにひかれて……
　蜜蜂さ……すぐ巣に入…』
　
　","【重要物品】
从放在山中小屋里的笔记本
上撕下来的一页。
『新身体……要做成巢……
　涂……很多……蜂蜜……』
『蜂蜜成熟后……取……
　变……发臭……液体……』
『被气味吸引……
　蜜蜂……就会进入巢……』
　
　","","False","item_00000_000000a6","",""
"","蜜蜂家族ノート２","蜜蜂家族笔记２","","False","item_00000_000000a7","",""
"","【重要品】
山小屋に置いてあった本から
切り取った１ページ。
『蜜蜂さんはおともだち』
『噴霧器とおクスリで
　仲良くなれます』
『怒らせてしまったら、
　巣箱の向きに気を付けて』
『目覚めた蜜蜂さんは太陽を
　向いた巣から動きます』
　","【重要物品】
从放在山中小屋里的笔记本
上撕下来的一页。
『蜜蜂是朋友。』
『用喷雾器和药品就可以
　让它们变得亲近。』
『要是惹它们生气了，
　注意蜂箱的朝向。』
『面朝太阳的蜂箱中醒来的
　蜜蜂会先开始活动。』
　","","False","item_00000_000000a8","",""
"","蜜蜂家族ノート３","蜜蜂家族笔记３","","False","item_00000_000000a9","",""
"","【重要品】
山小屋に置いてあった小箱に
保管してあった１ページ。
『……は神聖な旅立ちです。
　静かな場所で行う……』
『ふれあって進んだ先……
　楽園への手がかりあり』
『東のやぶ……よく……』
　
　
　","【重要物品】
从放在山中小屋里的笔记本
上撕下来的一页。
『……是神圣的启程。
　需要在僻静处进行……』
『亲睦地行进至尽头……
　有通往乐园的线索……』
『东边草丛……仔细……』
　
　
　","","False","item_00000_000000aa","",""
"","蜜蜂家族ノート４","蜜蜂家族笔记４","","False","item_00000_000000ab","",""
"","【重要品】
山小屋に置いてあった本から
切り取った１ページ。
『夢みる限り家族は不滅、
　もし密告者が出たら……』
『目覚めさせて、叩く。
　おとなしくなるまでやる』
『みんな、気を付けて』
『目覚めているとき……
　……家族もただの人』
　","【重要物品】
从放在山中小屋里的笔记本
上撕下来的一页。
『只要在梦中家人就能不灭
　如果出现告密者……　　』
『唤醒他，捶打他。
　直到他变得安分。　　　』
『大家请注意』
『醒着的时候……
　……家人也是普通人』
　","","False","item_00000_000000ac","",""
"","蜜蜂家族の下書き","蜜蜂家族的草稿","","False","item_00000_000000ad","",""
"","【重要品】
ゴミ箱で見つけたノートの
下書きと思われる丸めた紙。
『……しい家族と楽し……
　キャッチボー……』
『液が……ついちゃっ……
　……ル……べとべと……』
『蜂さ……集まっちゃ……
　何回も……ゲーム中断…』

　","【重要物品】
在垃圾桶里找到的疑似笔记
草稿的纸团。
『……的家族一起享受……
　投接球……』
『液体……沾在……上……
　……变……黏糊糊的……』
『蜜蜂……聚……起来……
　游戏好几次……中断……』

　","","False","item_00000_000000ae","",""
"","蜜蜂家族ノート６","蜜蜂家族笔记６","","False","item_00000_000000af","",""
"","　
　
　
　
　
　
　
　
　
　
　","","","","item_00000_000000b0","",""
"","乾燥した根","干燥的根","","False","item_00000_000000b1","",""
"","ブスと書かれた小箱に入って
いた乾燥した植物の根。
根には針金で小さな紙が巻き
つけられている。
『最後に２つを合わせれば、
　よかったはず』
　
【コマンド】
　乾燥した根を食わす
【有効距離】
　遠距離","写着“丑八怪”的小盒子里
放着的一截干燥的植物根
须。根须上用铁丝缠着张小
纸条。
『最后应该只要
　把两个东西合起来就好』
　
【指令】
　喂食干燥的根
【范围】
　远","","False","item_00000_000000b2","",""
"","遺書","遗书","","False","item_00000_000000b3","",""
"","【重要品】
使われていない養蜂箱の中に
入っていた遺書。
『教えの……蜂蜜をかけると
　何とか飲み込め……』
『みんな待ってて……
　すぐに僕も……ところへ』
よれた文字でこのように書か
れている。
　
　","【重要物品】
在未被使用的养蜂箱中发现
的遗书。
『教诲……涂上蜂蜜后……
　勉强咽了下去……』
『大家等着……
　我马上去……那里……』
上面用歪歪扭扭的字迹这样写道。
　
　","","False","item_00000_000000b4","",""
"","草の根","草根","","False","item_00000_000000b5","",""
"","しおれた枯草を掘り起こし、
採取した草の根。ちょうど
小ぶりのニンジンのような
形をしている。まだ採った
ばかりなのでみずみずしい。
　
　
【コマンド】
　根を食わす
【有効距離】
　遠距離","挖出枯萎的草后采集的草根。
形状恰似小个的胡萝卜。因
为是刚采集的，所以还很新
鲜。
　
　
　
【指令】
　投喂草根
【范围】
　远","","False","item_00000_000000b6","",""
"","折れたバール","折断的撬棍","","False","item_00000_000000b7","",""
"","山小屋の扉をこじ開けた際に
力を入れすぎて折ってしまっ
たバール。非常に短くなって
しまい使いづらい。
折れた部分は鋭く尖っており
触れると危険。
　
【コマンド】
　殴る
【有効距離】
　近距離","在撬开山中小屋的门时因用
力过猛而折断的撬棍。撬棍
变得非常短，难以使用。折
断的部分非常尖锐，去触碰
会有危险。
　
　
【指令】
　砸
【范围】
　近","","False","item_00000_000000b8","",""
"","拳銃","手枪","","False","item_00000_000000b9","",""
"","真下悟に渡された警察採用の
回転式拳銃。弾は弾倉に装填
されている分しかない。
射撃訓練をしていない者では
当てることさえ難しい。
真下悟のみが使用できる。
　
【コマンド】
　撃つ
【有効距離】
　遠距離","真下悟给的警用转轮式手枪。
子弹只有装填在弹夹里的这
些。对于没有经历过射击训
练的人来说，击中目标都很
困难。
只有真下悟可以使用。
　
【指令】
　射击
【范围】
　远","","False","item_00000_000000ba","",""
"","空のボトル","空瓶","","False","item_00000_000000bb","",""
"","空になった清涼飲料水の瓶。
Ｈ城樹海入り口のゴミ箱から
発見した。
　
　
　
　
【コマンド】
　入れる
【有効距離】
　遠距離","空的饮料瓶。
是在Ｈ城树海入口的垃圾箱
里发现的。
　
　
　
　
【指令】
　装进去
【范围】
　远","","False","item_00000_000000bc","",""
"","くさい液体","发臭的液体","","False","item_00000_000000bd","",""
"","蜂の巣のように穴があけられ
た死体から、滴り落ちていた
液体をボトルに注いだもの。
液体は粘度が非常に高く、
何ともいえないような甘酸っ
ぱい匂いが鼻を衝く。
　
【コマンド】
　液体をかける
【有効距離】
　遠距離","从像蜂窝一样布满洞的尸体
上滴落下来的液体，现在被
装进了瓶子里。
液体的粘性非常高，有一股
刺鼻的难以言喻的酸甜气味。
　
　
【指令】
　泼洒液体
【范围】
　远","","False","item_00000_000000be","",""
"","金属バット","金属棒球棒","","False","item_00000_000000bf","",""
"","長嶋翔が持ち込んだバット。
やたらとへこみや傷が多く、
どうやらグラウンドの外でも
たくさん使われたようだ。
長嶋翔のみが使用できる。
　
　
【コマンド】
　殴る
【有効距離】
　近距離","长岛翔带来的棒球棒。
棒身到处都是凹陷和伤痕，
看来在球场外也经常被使用。
只有长岛翔可以使用。
　
　
　
【指令】
　殴打
【范围】
　近","","False","item_00000_000000c0","",""
"","ハンマー","锤子","","False","item_00000_000000c1","",""
"","地下壕で発見したハンマー。
鋼鉄の頭には血痕と思われる
赤黒いシミが付着しており、
本来と違う用途で使用されて
いたことがわかる。
　
　
【コマンド】
　殴る
【有効距離】
　近距離","在防空洞内发现的锤子。
铁制的锤头上有疑似血迹的
红黑色污痕，可见其用于原
本的用途之外。
　
　
　
【指令】
　殴打
【范围】
　近","","False","item_00000_000000c2","",""
"","ナタ","柴刀","","False","item_00000_000000c3","",""
"","地下壕で発見したナタ。
分厚い刃は錆で覆われている。
あちこちに赤黒いシミが浮き、
何を切断していたのか雄弁に
物語っている。
　
　
【コマンド】
　斬りつける
【有効距離】
　近距離","在防空洞内发现的柴刀。
厚重的刀刃上布满了铁锈。
刀身上到处都沾染着红黑的污痕，
无声的述说着曾经斩断过什么。
　
　
　
【指令】
　斩击
【范围】
　近","","False","item_00000_000000c4","",""
"","裁断片−い","裁过的纸片１","","False","item_00000_000000c5","",""
"","【重要品】
裁断片から復元されたメモ。
　『い　│　ま　頭　│
　　じ　│　た　脳　合
　　ょ　蛇　│　と　│
　　う　腕　│　な　生
　　の　に　至　る　物
　　事　音　近　豚　│
　　か　は　距　脳　特
　　ら　無　離　は　定
　　音　効　か　│　周』","【重要物品】
裁过的纸片复原出的笔记。
　『鉴　│　此　作　│
　　于　│　外　为　合
　　以　声　│　头　│
　　上　音　│　脑　生
　　情　对　对　的　物
　　况　蛇　近　猪　│
　　的　手　距　脑　通
　　危　无　离　│　过
　　险　效　传　│　特』","","False","item_00000_000000c6","",""
"","裁断片−が","裁过的纸片２","","False","item_00000_000000c7","",""
"","【重要品】
裁断片から復元されたメモ。
　『が　だ　ら　│　波
　　く　が　の　特　数
　　│　大　大　に　の
　　は　│　き　巨　音
　　厳　火　な　大　波
　　重　炎　音　魚　に
　　に　│　に　の　よ
　　封　恐　も　旋　る
　　鎖　れ　極　律　│』","【重要物品】
裁过的纸片复原出的笔记。
　『程　但　来　│　定
　　度　对　的　尤　频
　　│　大　巨　其　率
　　必　│　大　会　的
　　须　火　声　在　声
　　严　焰　音　巨　波
　　格　│　也　大　进
　　的　会　非　的　行
　　封　感　常　鱼　│』","","False","item_00000_000000c8","",""
"","裁断片−し","裁过的纸片３","","False","item_00000_000000c9","",""
"","【重要品】
裁断片から復元されたメモ。
　『し　て　め　に　│
　　な　硬　て　て　制
　　け　直　脆　麻　御
　　れ　す　弱　痺　│
　　ば　る　な　す　│
　　な　│　た　│　成
　　ら　│　め　│　功
　　な　危　注　　　│
　　い　険　意　　　│』","【重要物品】
裁过的纸片复原出的笔记。
　『锁　到　脆　的　│
　　声　恐　弱　旋　控
　　音　惧　所　律　制
　　的　而　以　中　│
　　传　僵　请　麻　│
　　播　直　注　痹　成
　　│　│　意　│　功
　　│　│　│　│　│
　　　　　　│　　　│』","","False","item_00000_000000ca","",""
"","付箋","便签","","False","item_00000_000000cb","",""
"","【重要品】
理科準備室の薬品棚にあった
標本容器に貼られていた付箋。
　　　『しゅら様↓』　　　
と書かれている。


　
　
　
　","【重要物品】
理科准备室的药品柜里的标
本容器上贴着的便签。
便签上面写着
　　　“修罗大人↓”
这几个字。


　
　
　
　","","False","item_00000_000000cc","",""
"","茶色い瓶","棕色瓶子","","False","item_00000_000000cd","",""
"","光を遮る茶色い薬瓶。
塩素に似た刺激臭がする。
腐食が激しいラベルは、
『取り扱い注意』の文字。
　
　
　
【コマンド】
　まく：刺激臭の液体
【有効距離】
　遠距離","遮光的茶色药瓶。
有类似氯气的刺激性气味。
腐蚀严重的标签上写着
“使用时请注意”。
　
　
　
【指令】
　泼洒：刺激性气味的液体
【范围】
　远","","False","item_00000_000000ce","",""
"","ホイル巻きの瓶","裹着铝箔的瓶子","","False","item_00000_000000cf","",""
"","瓶全体にアルミホイルが
巻き付けてある薬瓶。
『ＩＤ５』とラベルにある。
さわやかな花のような香りが
漂っている……
　
　
【コマンド】
　まく：希釈液
【有効距離】
　遠距離","通体被铝箔包裹的药瓶。
标签上写着“ＩＤ５”。
飘散着清新的花香味……
　
　
　
　
【指令】
　泼洒：稀释液
【范围】
　远","","False","item_00000_000000d0","",""
"","梱包された衣服","包装好的衣服","","False","item_00000_000000d1","",""
"","【重要品】
厚手のビニールで梱包された
衣服一式。一番上には白衣が
見える。
ホルマリン容器の入っていた
薬品棚に押し込まれていた。

　
　
　
　","【重要物品】
用厚塑料袋包装好的一整套
衣服。最上面可以看到一件
白大褂。
被塞在了放福尔马林容器的
药品柜里。

　
　
　
　","","False","item_00000_000000d2","",""
"","射出式短剣","射出式短剑","","False","item_00000_000000d3","",""
"","地下壕で陸軍が開発していた
試作武器。柄に仕込んだバネ
で刀身を発射する機構だが、
１回の使用で破損してしまう
ほど脆弱なため正式の採用は
見送られた。
　
【コマンド】
　刀身を飛ばす
【有効距離】
　遠距離","陆军在防空洞里开发的实验
性武器。其机制为利用刀柄
内置的弹簧发射刀身。但因
结构过于脆弱，使用一次便
会损坏，因此未能被正式采
用。
　
【指令】
　发射刀身
【范围】
　远","","False","item_00000_000000d4","",""
"","掌中式小型拳銃","袖珍手枪","","False","item_00000_000000d5","",""
"","陸軍が士官の護身用に開発を
続けていた手の平サイズの銃。
装填弾数が１発であること、
また信頼性が低いことなど、
複数の問題が結局解決できず
開発は中止となった。
　
【コマンド】
　撃つ
【有効距離】
　遠距離","陆军为了士官的防身用途而
持续开发的手掌大小的手枪。
由于只能装填一发子弹、可
靠性低等诸多问题始终无法
解决而中止开发。
　
　
【指令】
　射击
【范围】
　远","","False","item_00000_000000d6","",""
"","さびた軍刀","生锈的军刀","","False","item_00000_000000d7","",""
"","仏像の頭部が打ち捨てられて
いた処理槽で発見した軍刀。
水が流れ込む部屋に放置され
ていたため、刀身全体が錆に
覆われている。
　
　
【コマンド】
　斬りつける
【有効距離】
　近距離","在丢弃佛头的处理槽中发现
的军刀。由于被放置在有水
流入的房间，整个刀身被铁
锈覆盖。
　
　
　
【指令】
　斩击
【范围】
　近","","False","item_00000_000000d8","",""
"","非常用の鍵束","应急钥匙串","","False","item_00000_000000d9","",""
"","【重要品】
『非常用』と書かれたタグと
いっしょに大小の鍵がまとめ
られている。
小さな鍵には『消防』と刻印
されている。
　
　
　
　
　","【重要物品】
写有“应急用”字样的标签
牌和大大小小的钥匙串在一
起。
小钥匙上面刻有“消防”字
样。
　
　
　
　
　","","False","item_00000_000000da","",""
"","スプーン","勺子","","False","item_00000_000000db","",""
"","ステンレス製のスプーン。
使用後にそのまま置いておか
れたのか皿の部分が黒く汚れ
ている。
　
　
　
【コマンド】
　すくう
【有効距離】
　近距離","不锈钢的勺子。
可能是使用完就一直放在
那，勺头的部分已经变脏发
黑了。
　
　
　
【指令】
　舀
【范围】
　近","","False","item_00000_000000dc","",""
"","避妊具","避孕用具","","False","item_00000_000000dd","",""
"","ゴム製の男性用避妊具。
未開封の状態でベッドの下に
挟まっていた。
　
　
　
　
【コマンド】
　封を切る
【有効距離】
　遠距離","橡胶制的男性避孕用具。
仍处于未开封的状态。被夹
在了床底下。
　
　
　
　
【指令】
　开封
【范围】
　远","","False","item_00000_000000de","",""
"","小型マッサージャー","小型按摩器","","False","item_00000_000000df","",""
"","持ち運び可能な小型マッサー
ジ器。持ち手部分に充電池が
内蔵されている。スイッチを
入れると激しい音を鳴らしな
がら振動する。
　
　
【コマンド】
　電源を入れる
【有効距離】
　遠距離","便携式的小型按摩器。在手
柄的部分内置了充电电池。
一打开开关，按摩器就会发
出巨大的声音并开始振动。
　
　
　
【指令】
　打开电源
【范围】
　远","","False","item_00000_000000e0","",""
"","木馬の首","木马头","","False","item_00000_000000e1","",""
"","変色している木馬の頭。
首の部分に折れた跡があり、
元々は胴体に繋がっていたと
考えられる。
汚れた水に長く浸かっていた
ためか少し異臭がする。
　
【コマンド】
　手に持つ
【有効距離】
　遠距離","变色了的木马的头部。
颈部有折断的痕迹，猜测原
本是与身体相连的。
可能是长时间浸泡在污水中
的缘故，散发着些许异味。
　
　
【指令】
　拿起
【范围】
　远","","False","item_00000_000000e2","",""
"","鞭","鞭子","","False","item_00000_000000e3","",""
"","使い込まれた革製の鞭
　
　
　
　
　
　
【コマンド】
　振るう
【有効距離】
　近距離","用的很旧的皮鞭
　
　
　
　
　
　
【指令】
　挥鞭
【范围】
　近","","False","item_00000_000000e4","",""
"","５０２号室の鍵","５０２号房的钥匙","","False","item_00000_000000e5","",""
"","【重要品】
洗面台の排水口に引っかかっ
ていた小さなキーホルダーが
付いた鍵。
キーホルダーのプレートには
『５０２』と書かれている。
　
　
　
　
　","【重要物品】
挂在洗脸台排水口的带有小
钥匙扣的钥匙。
钥匙扣的牌子上写着
“５０２”。
　
　
　
　
　","","False","item_00000_000000e6","",""
"","ホテルの見取り図","酒店的平面图","","False","item_00000_000000e7","",""
"","【重要品】
ホテルの見取り図
　
　
　
　
　
　
　
　
　","【重要物品】
酒店的平面图
　
　
　
　
　
　
　
　
　","","False","item_00000_000000e8","",""
"","悪魔事典","恶魔事典","","False","item_00000_000000e9","",""
"","【重要品】
黒い革で装丁された事典。
西洋に伝わる様々な悪魔達に
ついて記載されている。
悪魔の図像や紋章、特徴等の
情報以外に悪魔崇拝の思想や
儀式についても記載がある。
　
　
　
　","【重要物品】
黑色皮革装订的事典。
记录了流传在西方的各种恶
魔。
除了恶魔的画像、纹章、特
征等信息之外，还记录了恶
魔崇拜的思想和仪式。
　
　
　
　","","False","item_00000_000000ea","",""
"","妖怪事典","妖怪事典","","False","item_00000_000000eb","",""
"","【重要品】
日本各地の妖怪とその伝承に
ついて書かれた事典。
癖がついているページがあり
そこには蜘蛛の妖怪が水中に
人間を引きずり込む逸話がま
とまっている。多くの話では
己に巻かれた蜘蛛の糸を木や
切り株を巻きつけ身代わりに
することで難を逃れている。
","【重要物品】
记录了关于日本各地的妖怪
以及传说的事典。
经常翻阅的纸张部分，叙述
了关于蜘蛛妖怪喜欢将人类
拖入水中的异闻。
在许多故事中，人们把缠绕
在自己身上的蜘蛛丝缠在树
木或树桩上作为替身，从而
逃脱劫难。
","","False","item_00000_000000ec","",""
"","口枷","口枷","","False","item_00000_000000ed","",""
"","使われた形跡がある口枷
　
　
　
　
　
　
【コマンド】
　はめる
【有効距離】
　近距離","有使用痕迹的口枷
　
　
　
　
　
　
【指令】
　戴上
【范围】
　近","","False","item_00000_000000ee","",""
"","ワセリン","凡士林","","False","item_00000_000000ef","",""
"","保湿クリームとして販売され
ているチューブに入ったワセ
リン。保湿や医療のため肌に
塗る以外にも錆止め剤や潤滑
油の代用品として機械に塗る
ことがある。
　
【コマンド】
　ぬる
【有効距離】
　遠距離","作为保湿霜出售的管装凡士
林。除了用于保湿和医疗目
的涂抹在皮肤上之外，还可
以作为防锈剂或润滑油的替
代品涂抹在机械上。
　
　
【指令】
　涂抹
【范围】
　远","","False","item_00000_000000f0","",""
"","縄","绳子","","False","item_00000_000000f1","",""
"","くせがついた荒縄
　
　
　
　
　
　
【コマンド】
　しばる
【有効距離】
　近距離","有使用痕迹的草绳
　
　
　
　
　
　
【指令】
　捆绑
【范围】
　近","","False","item_00000_000000f2","",""
"","虫よけクリーム","驱虫膏","","False","item_00000_000000f3","",""
"","汚れたチューブ容器に入った
クリーム状の虫よけ。
開封された状態で放置されて
いたが、しっかりとフタが閉
められていたため使用するこ
とはできそうだ。
　
【コマンド】
　ぬる
【有効距離】
　遠距離","装在肮脏软管容器内的膏状
驱虫剂。
装在肮脏软管容器内的膏状驱虫剂。
虽然已经被打开过而且放了
很久，但是盖子盖得很紧，
应该可以使用。
　
【指令】
　涂抹
【范围】
　远","","False","item_00000_000000f4","",""
"","発煙筒","发烟筒","","False","item_00000_000000f5","",""
"","発煙筒
　
　
　
　
　
　
【コマンド】
　使う
【有効距離】
　遠距離","发烟筒
　
　
　
　
　
　
【指令】
　使用
【范围】
　远","","False","item_00000_000000f6","",""
"","バスソルト","浴盐","","False","item_00000_000000f7","",""
"","主に天然塩と香料で作られた
入浴剤。容器に貼られている
ラベルには商品の説明が書か
れている。
『Ｈ岩塩を使用
　ラベンダーの芳醇な香り』
　
【コマンド】
　まく
【有効距離】
　遠距離","主要由天然矿盐和香料制作
的沐浴用品。容器上贴着的
标签写有商品的说明。
『采用Ｈ矿盐
　富含薰衣草馥郁芳香』
　
　
【指令】
　撒
【范围】
　远","","False","item_00000_000000f8","",""
"","クレジットカード","信用卡","","False","item_00000_000000f9","",""
"","カビの生えた財布の中に入っ
ていたクレジットカード。
汚れがひどくこびりついてお
り名義の表記は読み取れなく
なっている。
　
　
【コマンド】
　差し込む
【有効距離】
　近距離","放在长满霉斑的钱包里面的
信用卡。
卡身粘满了污渍，已经无法
辨认持卡人的姓名。
　
　
　
【指令】
　插入
【范围】
　近","","False","item_00000_000000fa","",""
"","仮面自由帳２０１","假面自由笔记本２０１","","False","item_00000_000000fb","",""
"","【重要品】
客室の利用客が自由に書くこ
とができるノート。
１ページだけ他とは異なる内
容の書き込みがある。
『なんか変　ポリ来ないよ？
　…子　ホントにチクった？
　Ｎ…先生も別にフツーだし
　サ……　
　最近ガッコ来てないよ　』
　","【重要物品】
客房住客可以自由记录的笔记本。
其中一页的内容与其他页不同。
『不对劲　条子不来吗？
　…子　真的告密了？
　Ｎ…老师没表现出异常
　而且警……　
　最近没去学校　　　　』
　","","False","item_00000_000000fc","",""
"","仮面自由帳２０２","假面自由笔记本２０２","","False","item_00000_000000fd","",""
"","【重要品】
客室の利用客が自由に書くこ
とができるノート。
１ページだけ他とは異なる内
容の書き込みがある。
『ヤバイ！
　サ……にバレたかも！
　先生にチクったってうわさ
　ポリ行くって言ってるって
　やばいやばいやばい
　どうし……　　　　　　』","【重要物品】
客房住客可以自由记录的笔记本。
其中一页的内容与其他页不同。
『糟糕！
　可能要被警……发现了！
　听说有人向老师告密了
　还说要去找条子
　完蛋完蛋完蛋
　怎么办……　　　　　　』","","False","item_00000_000000fe","",""
"","仮面自由帳４０１","假面自由笔记本４０１","","False","item_00000_000000ff","",""
"","【重要品】
客室の利用客が自由に書くこ
とができるノート。
胸の悪くなるような行為に悪
魔崇拝の儀式、様々な拷問の
計画など常軌を逸した欲望が
どのページにも、みっしりと
書き込まれている。
　
　
　","【重要物品】
客房住客可以自由记录的笔
记本。
每页纸上都密密麻麻地写满
了令人作呕的行为、恶魔崇
拜的仪式、各种拷问的计划
等脱离常轨的欲望。
　
　
　","","False","item_00000_00000100","",""
"","自由帳４","自由笔记本4","","False","item_00000_00000101","",""
"","【重要品】
自由帳４
　
　
　
　
　
　
　
　
　","【重要物品】
自由笔记本4
　
　
　
　
　
　
　
　
　","","False","item_00000_00000102","",""
"","自由帳５","自由笔记本５","","False","item_00000_00000103","",""
"","【重要品】
自由帳５
　
　
　
　
　
　
　
　
　","【重要物品】
自由笔记本5
　
　
　
　
　
　
　
　
　","","False","item_00000_00000104","",""
"","１００円ライター","一百日元打火机","","False","item_00000_00000105","",""
"","安価で販売されている使い捨
てライター。ガスは３割程度
残っており、フリント部分も
故障はないようだ。
　
　
　
【コマンド】
　点火する
【有効距離】
　遠距離","廉价售卖的一次性打火机。
里面的气体还剩下三成，打
火石部分似乎也没有故障。
　
　
　
　
【指令】
　点火
【范围】
　远","","False","item_00000_00000106","",""
"","曲がったハンガー","弯曲的衣架","","False","item_00000_00000107","",""
"","折り曲げられた状態で放置さ
れていた針金ハンガー。
頭のところで接続されていた
針金が外れてしまっている。
　
　
　
【コマンド】
　ひっかける
【有効距離】
　近距離","弯曲后一直被放置在那里的
铁丝衣架。
衣架顶端连接的铁丝已经脱
落。
　
　
　
【指令】
　挂上
【范围】
　近","","False","item_00000_00000108","",""
"","","","","","item_00000_00000109","",""
"","","","","","item_00000_0000010a","",""
