"location","source","target","ID","fuzzy","context","translator_comments","developer_comments"
"","用具入れのゴミの中から","用具入れのゴミの中から","","False","maze_70009_00030049","",""
"","丸手鏡を見つけた。","丸手鏡を見つけた。","","False","maze_70009_00040049","",""
"","しかしカバンが満杯だったため、","しかしカバンが満杯だったため、","","False","maze_70009_00090049","",""
"","丸手鏡は館の倉庫に保管された。","丸手鏡は館の倉庫に保管された。","","False","maze_70009_000a0049","",""
"","使えそうな物を発見したが、","使えそうな物を発見したが、","","False","maze_70009_000c0049","",""
"","カバンも倉庫も満杯で入手できなかった。","カバンも倉庫も満杯で入手できなかった。","","False","maze_70009_000d0049","",""
"","『ようこそ、緑とロマンのフォレストへ』","上面写着","","False","maze_70011_00020049","",""
"","……と、書いてある。","『揭开大自然的神秘面纱，充满绿意和浪漫情调的森林欢迎你』","","False","maze_70011_00030049","",""
"","ゴミ箱の中から","ゴミ箱の中から","","False","maze_70012_00030049","",""
"","プラスチックの数珠を見つけた。","プラスチックの数珠を見つけた。","","False","maze_70012_00040049","",""
"","しかしカバンが満杯だったため、","しかしカバンが満杯だったため、","","False","maze_70012_00090049","",""
"","プラスチックの数珠は館の倉庫に保管された。","プラスチックの数珠は館の倉庫に保管された。","","False","maze_70012_000a0049","",""
"","使えそうな物を発見したが、","使えそうな物を発見したが、","","False","maze_70012_000c0049","",""
"","カバンも倉庫も満杯で入手できなかった。","カバンも倉庫も満杯で入手できなかった。","","False","maze_70012_000d0049","",""
"","木箱の中には","木箱の中には","","False","maze_70018_00030049","",""
"","バールが入っていた。","バールが入っていた。","","False","maze_70018_00040049","",""
"","しかしカバンが満杯だったため、","しかしカバンが満杯だったため、","","False","maze_70018_00090049","",""
"","バールは館の倉庫に保管された。","バールは館の倉庫に保管された。","","False","maze_70018_000a0049","",""
"","使えそうな物を発見したが、","使えそうな物を発見したが、","","False","maze_70018_000c0049","",""
"","カバンも倉庫も満杯で入手できなかった。","カバンも倉庫も満杯で入手できなかった。","","False","maze_70018_000d0049","",""
"","濃いやぶが続いている……","濃いやぶが続いている……","","False","maze_7001c_00020049","",""
"","この先には進めそうもない。","この先には進めそうもない。","","False","maze_7001c_00030049","",""
"","地蔵の足元に","地蔵の足元に","","False","maze_70025_00030049","",""
"","おやすみ家族が置いてあった。","おやすみ家族が置いてあった。","","False","maze_70025_00040049","",""
"","しかしカバンが満杯だったため、","しかしカバンが満杯だったため、","","False","maze_70025_00090049","",""
"","おやすみ家族は館の倉庫に保管された。","おやすみ家族は館の倉庫に保管された。","","False","maze_70025_000a0049","",""
"","使えそうな物を発見したが、","使えそうな物を発見したが、","","False","maze_70025_000c0049","",""
"","カバンも倉庫も満杯で入手できなかった。","カバンも倉庫も満杯で入手できなかった。","","False","maze_70025_000d0049","",""
"","『最近家族になった人たちは、","『最近家族になった人たちは、","","False","maze_70027_00020049","",""
"","　みんな養蜂場に行ってもらいました。』","　みんな養蜂場に行ってもらいました。』","","False","maze_70027_00030049","",""
"","『養蜂場で蜂さんを怒らせてしまったら、","『養蜂場で蜂さんを怒らせてしまったら、","","False","maze_70027_00050049","",""
"","　巣箱の向きに気を付けましょう。』","　巣箱の向きに気を付けましょう。』","","False","maze_70027_00060049","",""
"","『蜂さんは、太陽と共にめざめ、","『蜂さんは、太陽と共にめざめ、","","False","maze_70027_00080049","",""
"","　動きが活発になるからです。』","　動きが活発になるからです。』","","False","maze_70027_00090049","",""
"","階段を下った。","我沿着楼梯向下走去。","","False","maze_70043_00020049","",""
"","階段を下った。","我沿着楼梯向下走去。","","False","maze_70044_00020049","",""
"","階段を上った。","我沿着楼梯向上走去。","","False","maze_70045_00020049","",""
"","階段を上った。","我沿着楼梯向上走去。","","False","maze_70046_00020049","",""
"","下駄箱は傷みが激しく、砂と埃が表面を覆っている。","鞋柜磨损严重，表面覆盖着沙子和灰尘。","","False","maze_70047_00020049","",""
"","天井は薄汚れており、","天花板有点脏，","","False","maze_70048_00020049","",""
"","設置されている蛍光灯は割れてしまっている。","上面装着的荧光灯已经破了。","","False","maze_70048_00030049","",""
"","下駄箱の前には簀の子が敷かれているが、","鞋柜前铺着木板，","","False","maze_70049_00030049","",""
"","壊れてしまっており、踏むとギシリと音がした。","不过都已经损坏了，踩上去会发出吱呀的声音。","","False","maze_70049_00040049","",""
"","割れた窓からは身を切るような","破碎的窗户中吹进来几乎","","False","maze_7004c_00020049","",""
"","冷たく鋭い風が入り込んでくる。","能割破身体的凛冽寒风。","","False","maze_7004c_00030049","",""
"","なにかが蛍光灯にぶつかったのか、","估计是被什么东西撞过吧，","","False","maze_7004d_00020049","",""
"","蛍光灯は無残に割れてしまっている。","荧光灯破碎得不成样子。","","False","maze_7004d_00030049","",""
"","床に敷き詰められていたタイルがはがれてしまい、","地上铺的地砖脱落了，","","False","maze_7004e_00020049","",""
"","コンクリートがむき出しになってしまっている。","里面的水泥露了出来。","","False","maze_7004e_00030049","",""
"","割れた窓からは身を切るような","破碎的窗户中吹进来几乎","","False","maze_70050_00020049","",""
"","冷たく鋭い風が入り込んでくる。","能割破身体的凛冽寒风。","","False","maze_70050_00030049","",""
"","天井の蛍光灯は電気が通っていないのか、","天花板上的荧光灯也许是没有通电的缘故，","","False","maze_70051_00020049","",""
"","光を放つことなく沈黙している。","没有亮，只是静静地暗着。","","False","maze_70051_00030049","",""
"","床は割れた窓から雨が入ってくるためか、","估计是有雨通过破掉的窗户打了进来，","","False","maze_70052_00020049","",""
"","冷たく湿っている。","地板很是湿冷。","","False","maze_70052_00030049","",""
"","壁と床の間から茨が伸び、室内を侵食している。","壁と床の間から茨が伸び、室内を侵食している。","","False","maze_70054_00020049","",""
"","天井は薄汚れており、","天花板有点脏，","","False","maze_70055_00020049","",""
"","設置されている蛍光灯は割れてしまっている。","上面装着的荧光灯已经破了。","","False","maze_70055_00030049","",""
"","興味本位に警報機のボタンを押してみたが、","興味本位に警報機のボタンを押してみたが、","","False","maze_70056_00020049","",""
"","壊れているようでなにも起こらなかった。","壊れているようでなにも起こらなかった。","","False","maze_70056_00030049","",""
"","壁と床の間から茨が伸び、室内を侵食している。","壁と床の間から茨が伸び、室内を侵食している。","","False","maze_70057_00020049","",""
"","天井は薄汚れており、","天花板有点脏，","","False","maze_70058_00020049","",""
"","設置されている蛍光灯は割れてしまっている。","上面装着的荧光灯已经破了。","","False","maze_70058_00030049","",""
"","興味本位に警報機のボタンを押してみたが、","興味本位に警報機のボタンを押してみたが、","","False","maze_70059_00020049","",""
"","壊れているようでなにも起こらなかった。","壊れているようでなにも起こらなかった。","","False","maze_70059_00030049","",""
"","扉は釘で打ちつけられているのか、","扉は釘で打ちつけられているのか、","","False","maze_7005a_00030049","",""
"","開こうとしてもビクともしない。","開こうとしてもビクともしない。","","False","maze_7005a_00040049","",""
"","歪んでしまっているのか、扉を開けようと","歪んでしまっているのか、扉を開けようと","","False","maze_7005b_00030049","",""
"","力をいくら入れても開くことはなかった。","力をいくら入れても開くことはなかった。","","False","maze_7005b_00040049","",""
"","歪んでしまっているのか、扉を開けようと","歪んでしまっているのか、扉を開けようと","","False","maze_7005c_00030049","",""
"","力をいくら入れても開くことはなかった。","力をいくら入れても開くことはなかった。","","False","maze_7005c_00040049","",""
"","扉は釘で打ちつけられているのか、","扉は釘で打ちつけられているのか、","","False","maze_7005d_00030049","",""
"","開こうとしてもビクともしない。","開こうとしてもビクともしない。","","False","maze_7005d_00040049","",""
"","天板に彫刻刀で落書きが幾つも彫られてる。","天板に彫刻刀で落書きが幾つも彫られてる。","","False","maze_7005e_00020049","",""
"","意味が内容のものはなさそうだ。","意味が内容のものはなさそうだ。","","False","maze_7005e_00030049","",""
"","壁には幾つも穴が開いている。今にも落ちてきそうな","壁には幾つも穴が開いている。今にも落ちてきそうな","","False","maze_7005f_00020049","",""
"","破片も見える。近づくのはやめておこう。","破片も見える。近づくのはやめておこう。","","False","maze_7005f_00030049","",""
"","大分埃が溜まっているのか、","想必是积了很多灰吧，","","False","maze_70060_00020049","",""
"","歩いた振動だけで埃が天井から落ちてきた。","走路的震动都让灰尘从天花板上掉了下来。","","False","maze_70060_00030049","",""
"","柱に開いた穴を除くとライトに反射して","柱に開いた穴を除くとライトに反射して","","False","maze_70061_00020049","",""
"","光るものが目に映った。","光るものが目に映った。","","False","maze_70061_00030049","",""
"","仮@7rダミーアイテムを入手","仮@7rダミーアイテムを入手","","False","maze_70061_00050049","",""
"","廊下と違い教室の中まではバラは伸びてきていない。","廊下と違い教室の中まではバラは伸びてきていない。","","False","maze_70062_00020049","",""
"","一体、あのバラは何なのだろうか？","一体、あのバラは何なのだろうか？","","False","maze_70062_00030049","",""
"","黒板には意味のない落書きが書かれている。","黑板上写满了毫无意义的涂鸦。","","False","maze_70064_00020049","",""
"","雨漏りでもをしているのだろうか。","也许是漏水了，","","False","maze_70065_00020049","",""
"","天井に所々シミが見える。","天花板上到处都是污渍。","","False","maze_70065_00030049","",""
"","廊下と違い教室の中まではバラは伸びてきていない。","廊下と違い教室の中まではバラは伸びてきていない。","","False","maze_70066_00020049","",""
"","一体、あのバラは何なのだろうか？","一体、あのバラは何なのだろうか？","","False","maze_70066_00030049","",""
"","植木は長らく水を与えられず、枯れてしまっている。","盆栽植物因为长时间没有浇水，已经枯萎了。","","False","maze_70067_00020049","",""
"","仮@7rチョーク入れの中には","仮@7rチョーク入れの中には","","False","maze_70068_00020049","",""
"","ダミーアイテムが入っていた。","ダミーアイテムが入っていた。","","False","maze_70068_00030049","",""
"","地面には壁から剥がれ落ちたであろう、","地上到处散落着应该是从墙壁上","","False","maze_70069_00020049","",""
"","コンクリートの破片が散らばっている。","脱落的水泥块。","","False","maze_70069_00030049","",""
"","床に転がった瓶から薬品らしき刺激臭を感じる。","床に転がった瓶から薬品らしき刺激臭を感じる。","","False","maze_7006a_00020049","",""
"","出来る限り吸い込まないように注意する必要がある。","出来る限り吸い込まないように注意する必要がある。","","False","maze_7006a_00030049","",""
"","ガラス戸を開き中を探ってみたが、","打开玻璃橱窗搜索了一番，","","False","maze_7006b_00030049","",""
"","目ぼしいものはなかった。","但里面并没有值得注意的东西。","","False","maze_7006b_00040049","",""
"","どうやら、教育日誌のようだ。","看起来是一本教学日志。","","False","maze_7006c_00030049","",""
"","紙の劣化と虫に食われて読める状態にない。","受纸张老化和虫蛀影响，已经没法读了。","","False","maze_7006c_00040049","",""
"","窓側の壁には焦げた跡がついている。","窗边的墙壁上有烧焦的痕迹。","","False","maze_7006d_00020049","",""
"","大分前に火災があったようだ。","看样子这里很久之前曾遭遇过火灾。","","False","maze_7006d_00030049","",""
"","仏像がある……","一尊佛像……","","False","maze_7007f_00020049","",""
"","首のない仏像には埃がつもり汚れている。","无头的佛像上沾满了灰尘。","","False","maze_7007f_00040049","",""
"","風化した人骨だ。","風化した人骨だ。","","False","maze_70094_00020049","",""
"","頸椎がねじ切られている……","頸椎がねじ切られている……","","False","maze_70094_00030049","",""
"","一体どんな死に方をしたら、","一体どんな死に方をしたら、","","False","maze_70094_00050049","",""
"","こんな有様になるのだろうか。","こんな有様になるのだろうか。","","False","maze_70094_00060049","",""
"","人骨が転がっている。","地上躺着一副人骨。","","False","maze_70095_00020049","",""
"","全身を打ち砕かれて死んだようだ。","看起来是全身骨头被击碎而死的。","","False","maze_70095_00030049","",""
"","風化した人骨だ。","風化した人骨だ。","","False","maze_70096_00020049","",""
"","頸椎がねじ切られている……","頸椎がねじ切られている……","","False","maze_70096_00030049","",""
"","一体どんな死に方をしたら、","一体どんな死に方をしたら、","","False","maze_70096_00050049","",""
"","こんな有様になるのだろうか。","こんな有様になるのだろうか。","","False","maze_70096_00060049","",""
"","人骨が転がっている。","地上躺着一副人骨。","","False","maze_70097_00020049","",""
"","全身を打ち砕かれて死んだようだ。","看起来是全身骨头被击碎而死的。","","False","maze_70097_00030049","",""
"","床に倒れている死体が残したのだろうか、","墙壁上有用血写成的字。","","False","maze_70098_00020049","",""
"","壁には血で文字が書かれている……","也许是倒在地上的这个尸体留下的吧……","","False","maze_70098_00030049","",""
"","文字は「愛……」と読める。","上面写的是“爱……”。","","False","maze_70098_00050049","",""
"","床に倒れている死体が残したのだろうか、","墙壁上有用血写成的字。","","False","maze_70099_00020049","",""
"","壁には血で文字が書かれている……","也许是倒在地上的这个尸体留下的吧……","","False","maze_70099_00030049","",""
"","文字は「愛……」と読める。","上面写的是“爱……”。","","False","maze_70099_00050049","",""
"","音楽室の扉には鍵が掛かっている。","音乐教室的门上着锁。","","False","maze_700b1_00050049","",""
"","音楽室の扉には鍵が掛かっている。","音乐教室的门上着锁。","","False","maze_700b2_00050049","",""
"","「あれ、向こうにもドアがある。","“咦，那边还有一扇门。","","False","maze_700b5_00030048","",""
"","　別の部屋につながってるみたいだね」","　看样子这里连着另一个房间呢。”","","False","maze_700b5_00040048","",""
"","「あっちにも扉がありますね……","“那边还有一扇门啊，","","False","maze_700b5_00070048","",""
"","　隣に部屋があるんでしょうか」","　隔壁是有个房间吗？”","","False","maze_700b5_00080048","",""
"","防火扉は錆びついて動かなかった。","防火门生锈了，拉不动。","","False","maze_700bf_00030049","",""
"","扉を開こうと引手に手をかけると","我把手放到门把手上打算开门，","","False","maze_700c1_00020049","",""
"","粘度の高い液体が手についた。","结果手上沾上了粘度很高的液体。","","False","maze_700c1_00030049","",""
"","液体からは甘いにおいがする。","液体发出香甜的气味，","","False","maze_700c1_00050049","",""
"","どうやらハチミツのようだ。","看样子是蜂蜜。","","False","maze_700c1_00060049","",""
"","なぜこんな場所にハチミツが","为什么这种地方","","False","maze_700c1_00080049","",""
"","付着しているのだろうか？","会沾着蜂蜜呢？","","False","maze_700c1_00090049","",""
"","疑問を覚えつつも、小屋の中へと歩を進めた。","我虽然抱有疑问，但还是走进了小屋内。","","False","maze_700c1_000b0049","",""
"","鍵盤をゆっくりと押し沈めてみたが、壊れているのか","鍵盤をゆっくりと押し沈めてみたが、壊れているのか","","False","maze_700c2_00020049","",""
"","ピアノからは何の音色も響かなかった……","ピアノからは何の音色も響かなかった……","","False","maze_700c2_00030049","",""
"","教室の中から拙いピアノの演奏が聞こえてくる。","教室の中から拙いピアノの演奏が聞こえてくる。","","False","maze_700c4_00030049","",""
"","教室の中から拙いピアノの演奏が聞こえてくる。","教室の中から拙いピアノの演奏が聞こえてくる。","","False","maze_700c5_00030049","",""
"","階段を上った。","我沿着楼梯向上走去。","","False","maze_700de_00020049","",""
"","階段を上った。","我沿着楼梯向上走去。","","False","maze_700df_00020049","",""
"","階段を下った。","我沿着楼梯向下走去。","","False","maze_700e0_00020049","",""
"","階段を下った。","我沿着楼梯向下走去。","","False","maze_700e1_00020049","",""
"","電球の根元にあるスイッチを操作したが、","我按了下灯泡根部的开关，","","False","maze_700e7_00030049","",""
"","壊れているのか点灯しなかった……","但也许已经坏了吧，灯泡并没有亮……","","False","maze_700e7_00040049","",""
"","木箱の隙間から何かないかと内側を覗き込んだが、","我通过木箱的缝隙确认了一下里面有没有东西，","","False","maze_700e8_00020049","",""
"","中には特に何も入っていないようだ。","看起来里面什么都没有。","","False","maze_700e8_00030049","",""
"","ふたを外し、箱の中を調べたが、","我打开盖子调查了一下箱子内部。","","False","maze_700e9_00030049","",""
"","埃が溜まっているだけで何もなかった。","但里面除了积了一层灰以外没有其他东西了。","","False","maze_700e9_00040049","",""
"","鳥居の笠木に作られた蜂の巣は位置が高すぎて、","筑在鸟居顶部横木上的蜂巢位置太高了，","","False","maze_700ea_00030049","",""
"","薬を撒いたとしても届かないだろう。","就算喷药应该也喷不到那里。","","False","maze_700ea_00040049","",""
"","鳥居の笠木に作られた蜂の巣は位置が高すぎて、","筑在鸟居顶部横木上的蜂巢位置太高了，","","False","maze_700eb_00030049","",""
"","薬を撒いたとしてもうまくかからないだろう。","就算喷药应该也喷不到那里。","","False","maze_700eb_00040049","",""
"","一番高いところに作られた蜂の巣を中心に","一番高いところに作られた蜂の巣を中心に","","False","maze_700ec_00030049","",""
"","蜂が渦をかくように飛び交っている。","蜂が渦をかくように飛び交っている。","","False","maze_700ec_00040049","",""
"","巣に近づくことは自殺行為に等しい。","巣に近づくことは自殺行為に等しい。","","False","maze_700ec_00060049","",""
"","ポリタンクの底にはネズミに食われたのか","塑料桶的底部不知道是不是被老鼠啃食了，","","False","maze_700ed_00020049","",""
"","穴が開いており、使い物にならない。","开了一个洞，没法拿来用。","","False","maze_700ed_00030049","",""
"","長い間、風雨にさらされたためか、","也许是长时间饱受风雨的缘故，","","False","maze_700ee_00020049","",""
"","地蔵の体はあちこち欠けている。","地藏的身体各处都有缺损。","","False","maze_700ee_00030049","",""
"","電球の内部は黒ずんでおり、","灯泡内部已经发黑了，","","False","maze_700ef_00020049","",""
"","明かりをつけるのは危険そうだ。","点亮它有些危险。","","False","maze_700ef_00030049","",""
"","いずれの瓶もひびや欠けがあるため、","这些瓶子都要么有裂痕要么有破损，","","False","maze_700f0_00020049","",""
"","使用するには問題がありそうだ。","应该是不能拿来用了。","","False","maze_700f0_00030049","",""
"","ポリタンクの内側は、ひどく腐食しており、","塑料桶的内部被腐蚀得很严重，","","False","maze_700f1_00020049","",""
"","使うことはできなさそうだ。","应该是没法用了。","","False","maze_700f1_00030049","",""
"","小箱には何も入っていなかったが、","小盒子里没有任何东西，","","False","maze_700f2_00030049","",""
"","外側が何かで、ひどくべたついていた。","但外侧被某种东西弄得粘乎乎的。","","False","maze_700f2_00040049","",""
"","小説が数冊あったが、虫食いだらけで読めなかった。","有几本小说，但已经被虫蛀满了洞，没法读。","","False","maze_700f3_00020049","",""
"","風が吹いてないにもかかわらず、","明明没有风在吹，","","False","maze_700ff_00020049","",""
"","吊るされた人形は延々と揺れ続けている。","被吊着的假人却仍不停地摇晃着。","","False","maze_700ff_00030049","",""
"","男性を模した人形が木から吊るされている。","做成男性模样的假人被吊在树上。","","False","maze_70100_00020049","",""
"","人形を吊るした人物は、どのような想いで","把假人吊上去的人，是基于怎样的想法","","False","maze_70100_00040049","",""
"","この行為を行ったのだろうか……","而做出这种举动的呢？","","False","maze_70100_00050049","",""
"","扉を開き、職員室を後にした。","我打开门，离开了教职员室。","","False","maze_70102_00030049","",""
"","扉を開き、理科室を後にした。","我打开门，离开了理科实验室。","","False","maze_70115_00030049","",""
"","防火扉を動かそうとしたが、","我试图打开防火门，","","False","maze_70116_00020049","",""
"","歪んでしまっているのか、びくともしなかった。","但也许是门变形了的缘故，完全打不开。","","False","maze_70116_00030049","",""
"","防火扉は端の塗装が剥がれ落ち、","防火门边缘处的涂层有些剥落了，","","False","maze_70117_00020049","",""
"","下から錆びがのぞいている。","可以看到涂层下面的锈迹。","","False","maze_70117_00030049","",""
"","２階は１階のようにバラに覆われていない。","2楼并没有像1楼那样被蔷薇所覆盖。","","False","maze_70118_00020049","",""
"","植物が枯れた形跡も、何かが動いた痕跡もない。","这里没有植物枯萎的迹象，也没有什么东西移动过的痕迹。","","False","maze_70118_00040049","",""
"","２階には、あの怪現象は起きなかったようだ。","看来2楼并没有发生过1楼那样的怪异现象。","","False","maze_70118_00050049","",""
"","２階は１階のようにバラに覆われていない。","2楼并没有像1楼那样被蔷薇所覆盖。","","False","maze_70119_00020049","",""
"","植物が枯れた形跡も、何かが動いた痕跡もない。","这里没有植物枯萎的迹象，也没有什么东西移动过的痕迹。","","False","maze_70119_00040049","",""
"","２階には、あの怪現象は起きなかったようだ。","看来2楼并没有发生过1楼那样的怪异现象。","","False","maze_70119_00050049","",""
"","戸棚を開き、中を確認したが、","我打开柜子查看了一下，","","False","maze_7011a_00030049","",""
"","塵と埃が積もっているだけで何もなかった。","里面除了积满了灰以外什么都没有。","","False","maze_7011a_00040049","",""
"","机は炭化しており、以前訪れた職員室よりも","桌子已经碳化了，火灾对这里造成的损害","","False","maze_7011c_00020049","",""
"","火災による被害が大きいように見える。","看起来比之前去过的职员室还大。","","False","maze_7011c_00030049","",""
"","おそらく、この部屋こそが出火場所だったのだろう。","估计火就是从这个房间烧起来的吧。","","False","maze_7011c_00050049","",""
"","床には赤い塗料が飛び散っている。","地板上四溅着红色的涂料。","","False","maze_7011d_00020049","",""
"","塗料からは鼻をつくような、鉄臭いにおいがする。","这些涂料散发出扑鼻的铁腥味。","","False","maze_7011d_00030049","",""
"","天井から吊るされたなにかの内臓からは","挂在天花板上的某种东西的内脏","","False","maze_70120_00070049","",""
"","体液が滴り落ちている。","正不断地滴落下体液。","","False","maze_70120_00080049","",""
"","床に無造作に散らばった内臓は、今まさに取り出され","胡乱散落在地的内脏呈现出","","False","maze_70122_00020049","",""
"","たような、みずみずしい色合いをしている。","如同刚取出来时一般的鲜艳色泽。","","False","maze_70122_00030049","",""
"","天井近くに動物の首が飾り付けられている。","天花板附近处装饰着动物的头部。","","False","maze_70123_00020049","",""
"","普段であれば動物の表情など判別がつかないが、","通常来说人是无法分辨出动物的表情的，","","False","maze_70123_00040049","",""
"","どの首も苦悶の表情を浮かべているように見える。","但这些头部看起来却都露出了痛苦的表情。","","False","maze_70123_00050049","",""
"","蛍光灯を吊るす器具の片方が外れてしまっている。","挂荧光灯的装置有一边已经脱落了，","","False","maze_70124_00020049","",""
"","下を通るのは避けた方がよいだろう。","还是避免从它下面走过为好。","","False","maze_70124_00030049","",""
"","黒板の表面にはへこみや傷が無数についている。","黑板表面上有无数的凹痕和划痕。","","False","maze_70126_00020049","",""
"","ここまで傷ついてしまっては使用に支障がでそうだ。","损伤到这种程度，应该会影响使用了吧。","","False","maze_70126_00030049","",""
"","窓越しに広がる校庭を見渡したが、","我透过窗户环顾了一下操场，","","False","maze_70127_00020049","",""
"","特に動くものは何もなかった。","但是操场上并没有什么动静。","","False","maze_70127_00030049","",""
"","もともとは、机やいすが多くあったはずだが、","这里本来应该是有很多桌椅的，","","False","maze_70128_00020049","",""
"","今はピアノ以外、何も残っていない。","但现在除了一架钢琴以外什么都不剩了。","","False","maze_70128_00030049","",""
"","窓の外からは、風や葉擦れの音は聞こえるが、","能听到窗外传来的风声和树叶的沙沙声，","","False","maze_70129_00020049","",""
"","喧騒や自動車の音など人工的な音は聞こえてこない。","却没有喧闹声和汽车声这类人造的声音。","","False","maze_70129_00030049","",""
"","窓の外からは、風や葉擦れの音は聞こえるが、","能听到窗外传来的风声和树叶的沙沙声，","","False","maze_7012a_00020049","",""
"","喧騒や自動車の音など人工的な音は聞こえてこない。","却没有喧闹声和汽车声这类人造的声音。","","False","maze_7012a_00030049","",""
"","タイルが剥がれた床は歩くと足音が強く反響する。","走在地砖脱落了的地面上时脚步声的回声很大，","","False","maze_7012b_00020049","",""
"","怪異に足音を聞かれないように気を付けなければ……","必须要小心别让怪异听到了……","","False","maze_7012b_00030049","",""
"","蛍光灯に見える範囲で破損はないが、","荧光灯并没有肉眼可见的损坏，","","False","maze_7012c_00020049","",""
"","光を放つことがなく沈黙している。","但是却没有亮，只是静静地暗着。","","False","maze_7012c_00030049","",""
"","蛍光灯に見える範囲で破損はないが、","荧光灯并没有肉眼可见的损坏，","","False","maze_7012d_00020049","",""
"","光を放つことがなく沈黙している。","但是却没有亮，只是静静地暗着。","","False","maze_7012d_00030049","",""
"","壁には、掲示板などが設置されていた痕跡があるが","墙壁上留有放置过公告板的痕迹，","","False","maze_7012e_00020049","",""
"","全てが取り外され、無機質な姿をさらしている。","但现在已经全都被取下了，呈现出一副毫无生机的姿态。","","False","maze_7012e_00030049","",""
"","壁には、掲示板などが設置されていた痕跡があるが","墙壁上留有放置过公告板的痕迹，","","False","maze_7012f_00020049","",""
"","全てが取り外され、無機質な姿をさらしている。","但现在已经全都被取下了，呈现出一副毫无生机的姿态。","","False","maze_7012f_00030049","",""
"","照明が怪しく赤い光を放っている。","灯泡发出诡异的红光。","","False","maze_70130_00020049","",""
"","水のシミや埃などで壁は変色している。","墙壁在水渍和灰尘的作用下已经变色了。","","False","maze_70131_00020049","",""
"","色の具合から考えると、かなり古い施設のようだ。","从色泽上来看，这应该是一座非常老旧的设施。","","False","maze_70131_00030049","",""
"","黒く乾いた血が床に広がっている。","地上有一滩黑色干涸的血迹。","","False","maze_70132_00020049","",""
"","これだけの血だ。","这么多血，","","False","maze_70132_00040049","",""
"","血を流した本人は生きてはいないだろう。","流血的那个人应该已经不在这个世上了吧。","","False","maze_70132_00050049","",""
"","床にしみ込んだ血は幾多の足跡が刻まれている。","渗进地面的血迹上有好几个脚印。","","False","maze_70134_00020049","",""
"","この足跡は人のものだろうか、それとも……","这些是人的脚印吗，还是说……","","False","maze_70134_00040049","",""
"","このパイプからは音がしない。","这条水管里没有声音。","","False","maze_70135_00020049","",""
"","どうやら水が流れていないようだ。","看样子并没有水流过。","","False","maze_70135_00030049","",""
"","金属製の整理棚の中には何も入っていなかった。","金属制的整理柜里什么都没有。","","False","maze_70136_00030049","",""
"","電球は点滅を繰り返しながら弱い光を放っている。","灯泡忽明忽暗地散发出微弱的光亮。","","False","maze_70137_00020049","",""
"","非常灯だろうか、赤い電灯が付いている。","一盏红色的灯点亮着。应该是应急灯吧。","","False","maze_7013e_00020049","",""
"","放棄された施設の発電機が、","废弃设施里的发电机","","False","maze_7013e_00040049","",""
"","こんな長い間、稼働しているものなのだろうか。","竟然能运作这么长时间吗？","","False","maze_7013e_00050049","",""
"","非常灯だろうか、赤い電灯が付いている。","一盏红色的灯点亮着。应该是应急灯吧。","","False","maze_7013f_00020049","",""
"","放棄された施設の発電機が、","废弃设施里的发电机","","False","maze_7013f_00040049","",""
"","こんな長い間、稼働しているものなのだろうか。","竟然能运作这么长时间吗？","","False","maze_7013f_00050049","",""
"","入り口のはしごを目指すように、血が広がっている。","血迹看着像是朝着入口的梯子方向延伸。","","False","maze_70140_00020049","",""
"","血を流した人物は脱出できたのだろうか……","流下这些血的那个人最终逃出去了吗……","","False","maze_70140_00030049","",""
"","入り口のはしごを目指すように、血が広がっている。","血迹看着像是朝着入口的梯子方向延伸。","","False","maze_70141_00020049","",""
"","血を流した人物は脱出できたのだろうか……","流下这些血的那个人最终逃出去了吗……","","False","maze_70141_00030049","",""
"","電球は埃にまみれて汚れ、長い期間、取り換えられて","灯泡上沾满了灰尘，可以看出已经有","","False","maze_70142_00020049","",""
"","いないことがわかる。","很长一段时间没换了。","","False","maze_70142_00030049","",""
"","そんな古びた電球が、","这么旧的灯泡，","","False","maze_70142_00050049","",""
"","なぜ光を放ち続けていられるのだろうか……","为什么还可以一直发光呢……","","False","maze_70142_00060049","",""
"","首を斬り取られた死体がある。","一具头被砍掉的尸体。","","False","maze_70143_00020049","",""
"","ボロボロになった服から、","从已经变得破烂不堪的衣服上，","","False","maze_70143_00040049","",""
"","かろうじて死体が女性だったことがわかる。","勉强能看出来尸体来自一位女性。","","False","maze_70143_00050049","",""
"","首だけでなく、四肢ももがれている。","不只是头，四肢也被扭断了。","","False","maze_70144_00020049","",""
"","いったい、どのような拷問を受けたのだろうか。","这具尸体到底经受过怎样的拷问啊。","","False","maze_70144_00030049","",""
"","鉄製のマンホールだ。","铁制的井盖。","","False","maze_70145_00020049","",""
"","蓋には汚水と書かれている。","盖子上写有污水两个字。","","False","maze_70145_00030049","",""
"","特異な点がないかと調べたが、","我调查了一下有没有特别的地方，","","False","maze_70145_00050049","",""
"","普通のマンホールのようだ。","但似乎只是一个普通的井盖。","","False","maze_70145_00060049","",""
"","古びた自販機がある。商品の補充を怠っているのか、","有一台老旧的自动贩卖机。可能是因为没有及时补货，","","False","maze_70146_00020049","",""
"","ほとんどの商品が売り切れだ。","几乎所有的商品都卖完了。","","False","maze_70146_00030049","",""
"","ひさしに店舗の名前が書かれていた跡がある。","屋檐上还残留有印过店铺名字的痕迹。","","False","maze_70147_00020049","",""
"","今は店をたたんでしまっているようだ。","现在店似乎已经不再开了。","","False","maze_70147_00030049","",""
"","住宅街であるにもかかわらず、","明明是住宅区，","","False","maze_70148_00020049","",""
"","まったく人の気配がしない……","却完全没有感觉到有人的气息。","","False","maze_70148_00030049","",""
"","風が吹いてないにもかかわらず、","明明没有风在吹，","","False","maze_70149_00020049","",""
"","吊るされた人形は延々と揺れ続けている。","被吊着的假人却仍不停地摇晃着。","","False","maze_70149_00030049","",""
"","男性を模した人形が木から吊るされている。","做成男性模样的人偶被吊在树上。","","False","maze_7014a_00020049","",""
"","人形を吊るした人物は、どのような想いで","把人偶吊上去的人，是基于怎样的想法","","False","maze_7014a_00040049","",""
"","この行為を行ったのだろうか……","而做出这种举动的呢？","","False","maze_7014a_00050049","",""
"","非常階段の扉を開けた。","我打开了应急通道的门。","","False","maze_70155_00070049","",""
"","客室の扉を開き中に入った。","我打开客房的门并走了进去。","","False","maze_70158_00070049","",""
"","客室の扉を開き中に入った。","我打开客房的门并走了进去。","","False","maze_70159_00070049","",""
"","浴室に続く扉を開けた。","我打开了通向浴室的门。","","False","maze_7015a_00090049","",""
"","浴室に続く扉を開けた。","我打开了通向浴室的门。","","False","maze_7015b_00030049","",""
"","窓を覆うように鉄格子がつけられている。","上面装着几乎要把整个窗户都盖住的铁栅栏。","","False","maze_70173_00020049","",""
"","頑強すぎる鉄格子は転落防止の処置としては","这些特别坚固的铁栅栏作为防止摔落的措施来说，","","False","maze_70173_00040049","",""
"","仰々しすぎるように感じられる。","让人觉得有些过于夸张了。","","False","maze_70173_00050049","",""
"","不気味な表情を浮かべたベネチアンマスクが","墙上装饰着一个","","False","maze_70174_00020049","",""
"","壁に飾られている。","露出瘆人表情的威尼斯面具。","","False","maze_70174_00030049","",""
"","ホテルの名前に引っ掛けた飾りだろうが、","虽然是和酒店名字相关的装饰品，","","False","maze_70174_00050049","",""
"","良い趣味だとは思えない。","但这实在称不上是什么好品味。","","False","maze_70174_00060049","",""
"","下水の匂いが上がってきているのだろうか。","不知道是不是下水道的气味飘上来了，","","False","maze_70175_00020049","",""
"","便座からはひどい悪臭がする。","马桶散发着恶臭。","","False","maze_70175_00030049","",""
"","何かがないかと棚を探ってみたが、","我翻找了一下柜子，先看看有没有东西。","","False","maze_70176_00030049","",""
"","積もった埃に指の跡がついただけだった。","结果只是往堆积的灰尘上沾上了手指印而已。","","False","maze_70176_00040049","",""
"","電話から延びる電源コードと電話線が途中で","从电话上延伸出的电源线和电话线","","False","maze_70177_00020049","",""
"","切れてしまっている。これでは使えない。","在中途被切断了。电话无法使用。","","False","maze_70177_00030049","",""
"","ダブルベッドに片手をついて体重をかけてみた。","我试着一只手撑在双人床上，将自身的重量压了上去。","","False","maze_70178_00020049","",""
"","スプリングが軋む音がむなしく響くだけだった。","结果只有弹簧吱呀的响声空虚地回响着。","","False","maze_70178_00060049","",""
"","浴槽は水垢と埃でひどく黒ずんでいる。","浴缸因水垢和灰尘的堆积而严重发黑。","","False","maze_70179_00020049","",""
"","鏡面は多少汚れているが、機能を果たしており","镜面有一点脏，但还是能","","False","maze_7017a_00020049","",""
"","自分の姿が映りこむ。","正常映出自己的样子。","","False","maze_7017a_00030049","",""
"","暗闇の中で鏡を覗き込んでいると、何もないにも","像这样子在黑暗中看着镜子，即便没有任何东西，","","False","maze_7017a_00050049","",""
"","かかわらず、不安を掻き立てられてくる。","也让人不自觉地感到不安。","","False","maze_7017a_00060049","",""
"","……ここは後にして調査を続けよう。","之后再来调查这里吧。","","False","maze_7017a_00080049","",""
"","三角木馬が部屋の隅に倒れている。","房间角落里有一个三角木马倒在那里，","","False","maze_7017b_00020049","",""
"","使用用途を想像したくない器具だ。","不太愿意去想这东西的用途。","","False","maze_7017b_00030049","",""
"","首があったと思われる部分が破損しており","本应是头的地方已经损坏，","","False","maze_7017b_00050049","",""
"","頭の部分がなくなっている。","头部不见了。","","False","maze_7017b_00060049","",""
"","枯れ切った花が花瓶に生けられている。","枯れ切った花が花瓶に生けられている。","","False","maze_7017c_00020049","",""
"","指で触れるとその衝撃で花弁が数枚落ちていった。","指で触れるとその衝撃で花弁が数枚落ちていった。","","False","maze_7017c_00040049","",""
"","大型のエアコンが取り付けられている。","上面装着一个大型空调。","","False","maze_7017d_00020049","",""
"","タバコのヤニかなにかで黄ばんでしまっている。","空调因为烟渍之类的东西而发黄了。","","False","maze_7017d_00030049","",""
"","ゴミ箱の底にはトイレットペーパーが貼りついている","垃圾桶底部粘着一些厕纸，","","False","maze_7017e_00020049","",""
"","だけで他には何もなかった。","除此之外没有其他东西了。","","False","maze_7017e_00030049","",""
"","天板に空いた穴からケーブルが飛び出している。","有几根电线从电梯顶部开出的洞里伸了出来。","","False","maze_70182_00020049","",""
"","照明が取り付けられていたと思われるが、","猜测这里本来是装有电灯的，","","False","maze_70182_00040049","",""
"","何らかの理由で外されてしまっているようだ。","因为某种原因而拆掉了。","","False","maze_70182_00050049","",""
"","天井に大型のエアコンが取り付けられている。","天花板上装着一个大型空调。","","False","maze_70183_00020049","",""
"","汚れはひどいが電源を入れれば使えそうだ。","虽然很脏，但是通电后应该能用。","","False","maze_70183_00030049","",""
"","水垢が鏡の表面にこびりつき、","镜子表面附着着一层水垢，","","False","maze_70185_00020049","",""
"","ぼんやりとした影しか映らなかった。","真能映出一个模糊的影子。","","False","maze_70185_00030049","",""
"","バスタブには赤黒い水が溜まっている。","浴缸内装着红黑色的水。","","False","maze_70186_00020049","",""
"","浴室中を鉄臭い水のにおいが満たしており、","整个浴室充斥着铁腥味的水的气味，","","False","maze_70186_00040049","",""
"","鼻がおかしくなりそうだ。","感觉鼻子都要坏了。","","False","maze_70186_00050049","",""
"","花瓶には安っぽい造花が生けられている。","花瓶上插着看起来很廉价的假花。","","False","maze_7018b_00020049","",""
"","なぜか、仮面に見つめられているような気がする。","不知为何总感觉自己正被面具盯着。","","False","maze_7018c_00020049","",""
"","取り外して調べてみたがどこにも異常はなかった。","我把它取下来查看了一下，但并没有发现异常。","","False","maze_7018c_00040049","",""
"","まだ、視線を感じるが調査を再開しよう。","虽然还感觉到有视线在看自己，但还是先继续调查吧。，","","False","maze_7018c_00050049","",""
"","かすかな笑い声が一言だけ聞こえた。","只听到了一声微弱的笑声。","","False","maze_7018e_00090049","",""
"","それ以上受話器からは何の音も聞こえてこなかった。","此后听筒里再没有传来任何声音。","","False","maze_7018e_000b0049","",""
"","浴槽の表面にはへこみや傷が無数に刻まれている。","浴缸表面有着无数的凹陷和划痕。","","False","maze_70190_00020049","",""
"","自然についたには傷が多すぎる……","这么多痕迹不可能都是自然形成的……","","False","maze_70190_00030049","",""
"","客室の様子から想像するとここでも残忍な行為が","联想到客房的情状，或许这里","","False","maze_70190_00050049","",""
"","繰り返し行われていたのかもしれない。","曾经也不断地发生着残忍的行为。","","False","maze_70190_00060049","",""
"","パネルには客室の写真がはめ込まれている。","面板上镶嵌着客房的照片。","","False","maze_70191_00020049","",""
"","巨大な蜘蛛の巣が天井と壁にはられている。","巨大的蜘蛛网铺开在天花板和墙壁上。","","False","maze_70192_00020049","",""
"","このサイズの巣を普通の蜘蛛が","我不认为普通的蜘蛛","","False","maze_70192_00040049","",""
"","一晩ではれるとは思えない……","一个晚上能织出这种尺寸的网……","","False","maze_70192_00050049","",""
"","まるでＨ小学校で体験した怪奇現象の再現のようだ。","这仿佛是在H小学经历过的奇异现象的再现。","","False","maze_70192_00070049","",""
"","シャンデリアを模した照明だ。","一盏模仿吊灯设计的电灯。","","False","maze_70193_00020049","",""
"","埃で汚れてしまい美しさが損なわれている。","被灰尘弄得很脏，损失了它原来的美感。","","False","maze_70193_00040049","",""
"","網でできた扉を開き収納の中を探ったが、","我打开网状门，调查了一下收纳柜。","","False","maze_70194_00030049","",""
"","空のダンボールがあるだけで他には何もなかった。","但里面除了空纸箱外什么都没有。","","False","maze_70194_00040049","",""
"","ゴミ箱は倒れた時の衝撃のせいか","垃圾桶也许是翻倒时受到了冲击，","","False","maze_70195_00020049","",""
"","大きくひび割れている。","上面有条很大的裂痕。","","False","maze_70195_00030049","",""
"","ガラスケースの中には鞭や縄が飾られている。","玻璃柜里装饰着鞭子和绳索等。","","False","maze_70196_00020049","",""
"","いずれも粗雑な作りで使用に耐えられそうにない。","制作得都很粗糙，并不实用。","","False","maze_70196_00040049","",""
"","不自然に壁際のスペースが空いている。","墙边很不自然地空着一块空间。","","False","maze_70197_00020049","",""
"","壁の汚れ具合から何かがここに","根据墙壁的污损情况可以推测，","","False","maze_70197_00040049","",""
"","置かれていたことが予想できる。","这里之前应该放过什么东西。","","False","maze_70197_00050049","",""
"","洗面台の排水溝付近に赤黒い汚れが付着している。","洗脸池的排水口附近沾着红黑色的污渍。","","False","maze_70198_00020049","",""
"","……どうやら乾いた血のようだ。","……看样子是已经干了的血。","","False","maze_70198_00040049","",""
"","こびりついた血の量から察すると相当の量の血が流さ","从上面沾着的血的量上来看，应该是流了","","False","maze_70198_00060049","",""
"","れたと考えられる。ここで何があったのだろうか……","相当多的血。这里到底发生过什么……","","False","maze_70198_00070049","",""
"","鏡の表面は薄っすらと埃で覆われているが、","镜子表面覆盖着一层薄薄的灰尘，","","False","maze_70199_00020049","",""
"","一か所だけ埃が付着していない箇所がある。","但却有一个没有沾着灰尘的地方。","","False","maze_70199_00030049","",""
"","……目を凝らしてみてみると埃のついていない場所は","仔细一看，没有沾着灰尘的地方","","False","maze_70199_00060049","",""
"","人の手の形をしているように見える。","呈现出一个像是人手的形状。","","False","maze_70199_00070049","",""
"","自分たちの他にここに侵入した人物のものだろうか？","是我们之外的其他来过这里的人留下的吗？","","False","maze_70199_00090049","",""
"","それとも……　別の何かの仕業だろうか……","还是说……是别的什么东西弄的？","","False","maze_70199_000a0049","",""
"","網でできた扉越しに収納の中を確認した。","我搁着网状门确认了一下收纳柜里的东西。","","False","maze_7019a_00030049","",""
"","折り畳み式のテーブルと椅子が収納されていた。","里面放着折叠式的桌子和椅子。","","False","maze_7019a_00050049","",""
"","……さすがに持ち運ぶには大きすぎる。","实在是太大了，没法搬。","","False","maze_7019a_00060049","",""
"","真新しい蜘蛛の巣がはられている。","上面铺着一张崭新的蜘蛛网。","","False","maze_7019b_00020049","",""
"","この巣も昨夜のうちにできたものなのだろうか……","这个蜘蛛网也是昨天晚上织成的吗……","","False","maze_7019b_00040049","",""
"","そんなことを考えていると何の変哲もない蜘蛛の巣も","想到这一点，感觉这些平平无奇的蜘蛛网","","False","maze_7019b_00060049","",""
"","薄気味悪いものに感じられてきた。","也变得有些瘆人了。","","False","maze_7019b_00070049","",""
"","扉を開き配電の中を中を確かめたが、","我打开盖子确认了一下配电盘的情况，","","False","maze_7019c_00030049","",""
"","一目でわかるような故障個所はなかった。","但并没有发现一眼就能看出来的故障。","","False","maze_7019c_00040049","",""
"","扉を開き配電の中を中を確かめたが、","我打开盖子确认了一下配电盘的情况，","","False","maze_7019d_00030049","",""
"","一目でわかるような故障個所はなかった。","但并没有发现一眼就能看出来的故障。","","False","maze_7019d_00040049","",""
"","ゴミ箱の中を確かめようとふたを外した。","我打开盖子查看了一下垃圾箱里的东西。","","False","maze_7019e_00020049","",""
"","……中には紙くずに混ざって","大量的长头发夹杂在","","False","maze_7019e_00060049","",""
"","長い髪の毛が大量に詰まっていた。","废纸堆中。","","False","maze_7019e_00070049","",""
"","思わず、出そうになった叫び声を飲み込んで","我下意识地把差点脱口而出的叫声咽了下去，","","False","maze_7019e_00090049","",""
"","ふたをもとに戻して投げるようにゴミ箱を置いた。","盖上盖子，扔包袱似的把垃圾箱放回了原位。","","False","maze_7019e_000a0049","",""
"","客室の扉を開き中に入った。","我打开客房的门并走了进去。","","False","maze_7019f_00030049","",""
"","客室の扉を開き中に入った。","我打开客房的门并走了进去。","","False","maze_701a0_00030049","",""
"","客室の扉を開き中に入った。","我打开客房的门并走了进去。","","False","maze_701a1_00030049","",""
"","客室の扉を開き中に入った。","我打开客房的门并走了进去。","","False","maze_701a2_00030049","",""
